[
null,
{"id":1,"battlerName":"Kito","characterIndex":0,"characterName":"kito","classId":15,"equips":[1,121,253,385,0],"faceIndex":0,"faceName":"Kito","traits":[],"initialLevel":1,"maxLevel":99,"name":"Kito","nickname":"","note":"","profile":""},
{"id":2,"battlerName":"Rinaa","characterIndex":0,"characterName":"Rina","classId":1,"equips":[6,1,0,3,0],"faceIndex":0,"faceName":"Rina","traits":[],"initialLevel":12,"maxLevel":99,"name":"Rina","nickname":"","note":"","profile":""},
{"id":3,"battlerName":"Actor3_8","characterIndex":7,"characterName":"Actor3","classId":12,"equips":[6,0,0,0,0],"faceIndex":7,"faceName":"Actor3","traits":[],"initialLevel":1,"maxLevel":99,"name":"Marsha","nickname":"","note":"","profile":""},
{"id":4,"battlerName":"Actor2_7","characterIndex":6,"characterName":"Actor2","classId":9,"equips":[0,99,231,363,0],"faceIndex":6,"faceName":"Actor2","traits":[],"initialLevel":1,"maxLevel":99,"name":"Lucius","nickname":"","note":"","profile":""},
{"id":5,"battlerName":"Actor2_8","characterIndex":7,"characterName":"Actor2","classId":1,"equips":[0,121,253,385,0],"faceIndex":7,"faceName":"Actor2","traits":[],"initialLevel":1,"maxLevel":99,"name":"Cleric","nickname":"","note":"","profile":""},
{"id":6,"battlerName":"Actor2_5","characterIndex":4,"characterName":"Actor2","classId":2,"equips":[0,99,231,363,0],"faceIndex":4,"faceName":"Actor2","traits":[],"initialLevel":1,"maxLevel":99,"name":"Scholar","nickname":"","note":"","profile":""},
{"id":7,"battlerName":"Actor3_6","characterIndex":5,"characterName":"Actor3","classId":3,"equips":[0,11,143,275,0],"faceIndex":5,"faceName":"Actor3","traits":[],"initialLevel":1,"maxLevel":99,"name":"Merchant","nickname":"","note":"","profile":""},
{"id":8,"battlerName":"Actor1_7","characterIndex":6,"characterName":"Actor1","classId":4,"equips":[2,0,0,0,0],"faceIndex":6,"faceName":"Actor1","traits":[],"initialLevel":1,"maxLevel":99,"name":"Guy","nickname":"","note":"","profile":""},
{"id":9,"battlerName":"Actor2_4","characterIndex":3,"characterName":"Actor2","classId":5,"equips":[0,33,165,297,0],"faceIndex":3,"faceName":"Actor2","traits":[],"initialLevel":1,"maxLevel":99,"name":"Dancer","nickname":"","note":"","profile":""},
{"id":10,"battlerName":"Actor3_7","characterIndex":6,"characterName":"Actor3","classId":6,"equips":[0,11,143,275,0],"faceIndex":6,"faceName":"Actor3","traits":[],"initialLevel":1,"maxLevel":99,"name":"Apothecary","nickname":"","note":"<Item Concoct>","profile":""},
{"id":11,"battlerName":"Actor1_6","characterIndex":5,"characterName":"Actor1","classId":7,"equips":[0,33,165,297,0],"faceIndex":5,"faceName":"Actor1","traits":[],"initialLevel":1,"maxLevel":99,"name":"Thief","nickname":"","note":"","profile":""},
{"id":12,"battlerName":"Actor2_1","characterIndex":0,"characterName":"Actor2","classId":8,"equips":[0,55,187,319,0],"faceIndex":0,"faceName":"Actor2","traits":[],"initialLevel":1,"maxLevel":99,"name":"Hunter","nickname":"","note":"","profile":""},
{"id":13,"battlerName":"Actor2_2","characterIndex":1,"characterName":"Actor2","classId":13,"equips":[0,77,209,341,0],"faceIndex":1,"faceName":"Actor2","traits":[],"initialLevel":1,"maxLevel":99,"name":"Time Blade","nickname":"","note":"","profile":""},
{"id":14,"battlerName":"Actor3_5","characterIndex":4,"characterName":"Actor3","classId":14,"equips":[2,0,0,0,0],"faceIndex":4,"faceName":"Actor3","traits":[],"initialLevel":1,"maxLevel":99,"name":"Balar","nickname":"","note":"","profile":""},
{"id":15,"battlerName":"VVoid","characterIndex":0,"characterName":"Void","classId":17,"equips":[273,96,228,466,0],"faceIndex":0,"faceName":"Void","traits":[],"initialLevel":1,"maxLevel":99,"name":"Void","nickname":"God of the void","note":"","profile":""},
{"id":16,"battlerName":"demio mask","characterIndex":0,"characterName":"demio","classId":16,"equips":[0,0,0,0,0],"faceIndex":0,"faceName":"demio","traits":[],"initialLevel":1,"maxLevel":99,"name":"Crox","nickname":"God of Fire","note":"","profile":""},
{"id":17,"battlerName":"goddis water","characterIndex":0,"characterName":"Goddis water","classId":15,"equips":[0,0,0,0,0],"faceIndex":0,"faceName":"Goddis water","traits":[],"initialLevel":1,"maxLevel":99,"name":"Croniz","nickname":"God of water","note":"","profile":""},
{"id":18,"battlerName":"Alkaroth","characterIndex":0,"characterName":"Alkaroth","classId":16,"equips":[0,0,0,0,0],"faceIndex":1,"faceName":"AlkarothAlkaroth","traits":[],"initialLevel":1,"maxLevel":99,"name":"Alkaroth","nickname":"God King","note":"","profile":""},
{"id":19,"battlerName":"sinbad","characterIndex":0,"characterName":"sinbad","classId":10,"equips":[0,0,0,0,0],"faceIndex":0,"faceName":"sinbad","traits":[],"initialLevel":15,"maxLevel":99,"name":"Miro","nickname":"","note":"","profile":""}
]