[
null,
{"id":1,"list":[{"code":355,"indent":0,"parameters":["var skills = [];"]},{"code":655,"indent":0,"parameters":["times = 10; while (times--) { skills.push(161, 162, 163, 164, 180, 181) };"]},{"code":655,"indent":0,"parameters":["times = 5; while (times--) { skills.push(165, 166, 167, 168, 169, 182, 183, 184) };"]},{"code":655,"indent":0,"parameters":[""]},{"code":655,"indent":0,"parameters":["var skillId = skills[Math.floor(Math.random() * skills.length)];"]},{"code":655,"indent":0,"parameters":["BattleManager._subject.forceAction(skillId, -1);"]},{"code":655,"indent":0,"parameters":["BattleManager.forceAction(BattleManager._subject); this.setWaitMode('action');"]},{"code":0,"indent":0,"parameters":[]}],"name":"Bewildering Grace 0 BP","switchId":1,"trigger":0},
{"id":2,"list":[{"code":355,"indent":0,"parameters":["var skills = [];"]},{"code":655,"indent":0,"parameters":["times = 10; while (times--) { skills.push(161, 180, 181) };"]},{"code":655,"indent":0,"parameters":["times = 8; while (times--) { skills.push(162, 163, 164) };"]},{"code":655,"indent":0,"parameters":["times = 4; while (times--) { skills.push(165, 166, 167, 168, 169, 182, 183, 184) };"]},{"code":655,"indent":0,"parameters":["times = 2; while (times--) { skills.push(170, 171, 172, 185, 186, 187, 188) };"]},{"code":655,"indent":0,"parameters":[""]},{"code":655,"indent":0,"parameters":["var skillId = skills[Math.floor(Math.random() * skills.length)];"]},{"code":655,"indent":0,"parameters":["BattleManager._subject.forceAction(skillId, -1);"]},{"code":655,"indent":0,"parameters":["BattleManager.forceAction(BattleManager._subject); this.setWaitMode('action');"]},{"code":0,"indent":0,"parameters":[]}],"name":"Bewildering Grace 1 BP","switchId":1,"trigger":0},
{"id":3,"list":[{"code":355,"indent":0,"parameters":["var skills = [];"]},{"code":655,"indent":0,"parameters":["times = 8; while (times--) { skills.push(161, 162, 163, 164, 180) };"]},{"code":655,"indent":0,"parameters":["times = 6; while (times--) { skills.push(181) };"]},{"code":655,"indent":0,"parameters":["times = 4; while (times--) { skills.push(165, 166, 167, 168, 169, 182, 183, 184) };"]},{"code":655,"indent":0,"parameters":["times = 2; while (times--) { skills.push(170, 171, 172, 173, 174, 185, 186, 187, 188) };"]},{"code":655,"indent":0,"parameters":["times = 1; while (times--) { skills.push(175, 176, 189, 190) };"]},{"code":655,"indent":0,"parameters":[""]},{"code":655,"indent":0,"parameters":["var skillId = skills[Math.floor(Math.random() * skills.length)];"]},{"code":655,"indent":0,"parameters":["BattleManager._subject.forceAction(skillId, -1);"]},{"code":655,"indent":0,"parameters":["BattleManager.forceAction(BattleManager._subject); this.setWaitMode('action');"]},{"code":0,"indent":0,"parameters":[]}],"name":"Bewildering Grace 2 BP","switchId":1,"trigger":0},
{"id":4,"list":[{"code":355,"indent":0,"parameters":["var skills = [];"]},{"code":655,"indent":0,"parameters":["times = 80; while (times--) { skills.push(161, 162, 163, 164, 180) };"]},{"code":655,"indent":0,"parameters":["times = 48; while (times--) { skills.push(181) };"]},{"code":655,"indent":0,"parameters":["times = 40; while (times--) { skills.push(165, 166, 167, 168, 169, 182, 183, 184) };"]},{"code":655,"indent":0,"parameters":["times = 20; while (times--) { skills.push(170, 171, 172, 173, 174, 185, 186, 187, 188) };"]},{"code":655,"indent":0,"parameters":["times = 10; while (times--) { skills.push(175, 176, 189, 190) };"]},{"code":655,"indent":0,"parameters":["times = 5; while (times--) { skills.push(177, 191) };"]},{"code":655,"indent":0,"parameters":["times = 1; while (times--) { skills.push(178, 179) };"]},{"code":655,"indent":0,"parameters":[""]},{"code":655,"indent":0,"parameters":["var skillId = skills[Math.floor(Math.random() * skills.length)];"]},{"code":655,"indent":0,"parameters":["BattleManager._subject.forceAction(skillId, -1); "]},{"code":655,"indent":0,"parameters":["BattleManager.forceAction(BattleManager._subject); this.setWaitMode('action');"]},{"code":0,"indent":0,"parameters":[]}],"name":"Bewildering Grace 3 BP","switchId":1,"trigger":0},
{"id":5,"list":[{"code":111,"indent":0,"parameters":[4,14,0]},{"code":101,"indent":1,"parameters":["Actor3",4,0,2]},{"code":401,"indent":1,"parameters":["\"All enemies have been knocked down!"]},{"code":401,"indent":1,"parameters":["Let's wreck them!\""]},{"code":102,"indent":1,"parameters":[["\\i[77]All-Out Attack!","\\i[29]Nah, it's cool."],1,0,1,0]},{"code":402,"indent":1,"parameters":[0,"\\i[77]All-Out Attack!"]},{"code":339,"indent":2,"parameters":[1,14,197,-2]},{"code":0,"indent":2,"parameters":[]},{"code":402,"indent":1,"parameters":[1,"\\i[29]Nah, it's cool."]},{"code":0,"indent":2,"parameters":[]},{"code":404,"indent":1,"parameters":[]},{"code":0,"indent":1,"parameters":[]},{"code":412,"indent":0,"parameters":[]},{"code":0,"indent":0,"parameters":[]}],"name":"Check All-Out Attack","switchId":1,"trigger":0},
{"id":6,"list":[{"code":0,"indent":0,"parameters":[]}],"name":"","switchId":1,"trigger":0},
{"id":7,"list":[{"code":356,"indent":0,"parameters":["CraftingSystem open 0"]},{"code":0,"indent":0,"parameters":[]}],"name":"Crafting","switchId":1,"trigger":0},
{"id":8,"list":[{"code":0,"indent":0,"parameters":[]}],"name":"","switchId":1,"trigger":0}
]