[
null,
{"id":1,"autoRemovalTiming":0,"chanceByDamage":100,"iconIndex":1,"maxTurns":1,"message1":" has fallen!","message2":" is slain!","message3":"","message4":" revives!","minTurns":1,"motion":3,"name":"Knockout","note":"State #1 will be automatically added when\nHP reaches 0.","overlay":0,"priority":100,"releaseByDamage":false,"removeAtBattleEnd":true,"removeByDamage":false,"removeByRestriction":false,"removeByWalking":false,"restriction":4,"stepsToRemove":100,"traits":[{"code":23,"dataId":9,"value":0}]},
{"id":2,"autoRemovalTiming":2,"chanceByDamage":100,"description":"","iconIndex":81,"maxTurns":1,"message1":"","message2":"","message3":"","message4":"","minTurns":1,"motion":0,"name":"Guard","note":"","overlay":0,"priority":0,"removeAtBattleEnd":true,"removeByDamage":false,"removeByRestriction":true,"removeByWalking":false,"restriction":0,"stepsToRemove":100,"traits":[{"code":62,"dataId":1,"value":0}]},
{"id":3,"autoRemovalTiming":0,"chanceByDamage":100,"description":"","iconIndex":0,"maxTurns":1,"message1":"","message2":"","message3":"","message4":"","minTurns":1,"motion":0,"name":"Immortal","note":"","overlay":0,"priority":0,"removeAtBattleEnd":true,"removeByDamage":false,"removeByRestriction":false,"removeByWalking":false,"restriction":0,"stepsToRemove":100,"traits":[{"code":14,"dataId":1,"value":0}]},
{"id":4,"autoRemovalTiming":2,"chanceByDamage":100,"iconIndex":6,"maxTurns":2,"message1":"","message2":"","message3":"","message4":"","minTurns":2,"motion":1,"name":"Stun","note":"<Damage Color: 255, 0, 0, 128>\n<Break Popup>\n\n<All Element Damage Rate: 200%>\n<No Weak Popup>\n\nThis is for All-Out Attack only:\n<Custom Apply Effect>\nif (target.isEnemy()) {\n  var condition = true;\n  var enemies = target.friendsUnit().aliveMembers();\n  for (var i = 0; i < enemies.length; i++) {\n    var enemy = enemies[i];\n    if (!enemy.isStateAffected(4)) {\n      condition = false;\n      break;\n    }\n  }\n  if (condition && $gameParty.aliveMembers().contains($gameActors.actor(14))) {\n    for (var i = 0; i < enemies.length; i++) {\n      var enemy = enemies[i];\n      enemy._storedResult = JsonEx.makeDeepCopy(enemy._result);\n    }\n    BattleManager.queueForceAction(user, 198, -1);\n    for (var i = 0; i < enemies.length; i++) {\n      var enemy = enemies[i];\n      enemy._result = enemy._storedResult;\n      enemy._storedResult = undefined;\n    }\n  }\n}\n</Custom Apply Effect>","overlay":8,"priority":100,"releaseByDamage":false,"removeAtBattleEnd":true,"removeByDamage":false,"removeByRestriction":false,"removeByWalking":false,"restriction":4,"stepsToRemove":100,"traits":[{"code":22,"dataId":3,"value":10},{"code":22,"dataId":1,"value":-10},{"code":22,"dataId":4,"value":-10},{"code":22,"dataId":6,"value":-10}]},
{"id":5,"autoRemovalTiming":0,"chanceByDamage":100,"traits":[],"iconIndex":0,"maxTurns":1,"message1":"","message2":"","message3":"","message4":"","minTurns":1,"motion":0,"name":"Item Seal","note":"<Item Seal>\n<Item Concoct Seal>","overlay":0,"priority":50,"removeAtBattleEnd":true,"removeByDamage":false,"removeByRestriction":false,"removeByWalking":false,"restriction":0,"stepsToRemove":100},
{"id":6,"autoRemovalTiming":2,"chanceByDamage":100,"traits":[{"code":22,"dataId":7,"value":-0.05}],"iconIndex":2,"maxTurns":2,"message1":"","message2":"","message3":"","message4":"","minTurns":2,"motion":1,"name":"Poison","note":"<Max Turns: 9>","overlay":1,"priority":60,"removeAtBattleEnd":true,"removeByDamage":false,"removeByRestriction":false,"removeByWalking":false,"restriction":0,"stepsToRemove":100},
{"id":7,"autoRemovalTiming":2,"chanceByDamage":100,"traits":[{"code":42,"dataId":1,"value":1},{"code":42,"dataId":2,"value":1},{"code":42,"dataId":3,"value":1},{"code":42,"dataId":4,"value":1},{"code":42,"dataId":5,"value":1},{"code":42,"dataId":6,"value":1},{"code":42,"dataId":7,"value":1},{"code":42,"dataId":8,"value":1},{"code":42,"dataId":9,"value":1},{"code":42,"dataId":10,"value":1},{"code":42,"dataId":11,"value":1},{"code":42,"dataId":12,"value":1}],"iconIndex":4,"maxTurns":2,"message1":"","message2":"","message3":"","message4":"","minTurns":2,"motion":1,"name":"Silence","note":"<Max Turns: 9>","overlay":3,"priority":60,"removeAtBattleEnd":true,"removeByDamage":false,"removeByRestriction":false,"removeByWalking":false,"restriction":0,"stepsToRemove":100},
{"id":8,"autoRemovalTiming":2,"chanceByDamage":100,"traits":[{"code":22,"dataId":0,"value":-0.5}],"iconIndex":3,"maxTurns":2,"message1":"","message2":"","message3":"","message4":"","minTurns":2,"motion":1,"name":"Blindness","note":"<Max Turns: 9>","overlay":2,"priority":60,"removeAtBattleEnd":true,"removeByDamage":false,"removeByRestriction":false,"removeByWalking":false,"restriction":0,"stepsToRemove":100},
{"id":9,"autoRemovalTiming":2,"chanceByDamage":100,"traits":[],"iconIndex":11,"maxTurns":2,"message1":"","message2":"","message3":"","message4":"","minTurns":2,"motion":1,"name":"Terror","note":"<Boost Sealed>\n<Max Turns: 9>","overlay":10,"priority":60,"removeAtBattleEnd":true,"removeByDamage":false,"removeByRestriction":false,"removeByWalking":false,"restriction":0,"stepsToRemove":100},
{"id":10,"autoRemovalTiming":2,"chanceByDamage":100,"traits":[],"iconIndex":6,"maxTurns":2,"message1":"","message2":"","message3":"","message4":"","minTurns":2,"motion":2,"name":"Unconscious","note":"<Max Turns: 9>","overlay":8,"priority":60,"removeAtBattleEnd":true,"removeByDamage":false,"removeByRestriction":false,"removeByWalking":false,"restriction":4,"stepsToRemove":100},
{"id":11,"autoRemovalTiming":2,"chanceByDamage":100,"traits":[],"iconIndex":8,"maxTurns":2,"message1":"","message2":"","message3":"","message4":"","minTurns":2,"motion":2,"name":"Sleep","note":"<Max Turns: 9>","overlay":7,"priority":60,"removeAtBattleEnd":true,"removeByDamage":true,"removeByRestriction":false,"removeByWalking":false,"restriction":4,"stepsToRemove":100},
{"id":12,"autoRemovalTiming":2,"chanceByDamage":100,"traits":[],"iconIndex":22,"maxTurns":2,"message1":"","message2":"","message3":"","message4":"","minTurns":2,"motion":1,"name":"Confusion","note":"<Max Turns: 9>","overlay":5,"priority":60,"removeAtBattleEnd":true,"removeByDamage":true,"removeByRestriction":false,"removeByWalking":false,"restriction":2,"stepsToRemove":100},
{"id":13,"autoRemovalTiming":2,"chanceByDamage":100,"traits":[{"code":21,"dataId":6,"value":0}],"iconIndex":54,"maxTurns":2,"message1":"","message2":"","message3":"","message4":"","minTurns":2,"motion":1,"name":"Leghold Trap","note":"<Max Turns: 9>\n<Turn Color: 2>\n\n<Image Popup Name: LegholdTrap>","overlay":0,"priority":60,"removeAtBattleEnd":true,"removeByDamage":false,"removeByRestriction":false,"removeByWalking":false,"restriction":0,"stepsToRemove":100},
{"id":14,"autoRemovalTiming":0,"chanceByDamage":100,"traits":[],"iconIndex":0,"maxTurns":1,"message1":"","message2":"","message3":"","message4":"","minTurns":1,"motion":0,"name":"","note":"","overlay":0,"priority":50,"removeAtBattleEnd":false,"removeByDamage":false,"removeByRestriction":false,"removeByWalking":false,"restriction":0,"stepsToRemove":100},
{"id":15,"autoRemovalTiming":0,"chanceByDamage":100,"traits":[],"iconIndex":0,"maxTurns":1,"message1":"","message2":"","message3":"","message4":"","minTurns":1,"motion":0,"name":"","note":"","overlay":0,"priority":50,"removeAtBattleEnd":false,"removeByDamage":false,"removeByRestriction":false,"removeByWalking":false,"restriction":0,"stepsToRemove":100},
{"id":16,"autoRemovalTiming":0,"chanceByDamage":100,"traits":[],"iconIndex":0,"maxTurns":1,"message1":"","message2":"","message3":"","message4":"","minTurns":1,"motion":0,"name":"","note":"","overlay":0,"priority":50,"removeAtBattleEnd":false,"removeByDamage":false,"removeByRestriction":false,"removeByWalking":false,"restriction":0,"stepsToRemove":100},
{"id":17,"autoRemovalTiming":0,"chanceByDamage":100,"traits":[],"iconIndex":0,"maxTurns":1,"message1":"","message2":"","message3":"","message4":"","minTurns":1,"motion":0,"name":"","note":"","overlay":0,"priority":50,"removeAtBattleEnd":false,"removeByDamage":false,"removeByRestriction":false,"removeByWalking":false,"restriction":0,"stepsToRemove":100},
{"id":18,"autoRemovalTiming":0,"chanceByDamage":100,"traits":[],"iconIndex":0,"maxTurns":1,"message1":"","message2":"","message3":"","message4":"","minTurns":1,"motion":0,"name":"","note":"","overlay":0,"priority":50,"removeAtBattleEnd":false,"removeByDamage":false,"removeByRestriction":false,"removeByWalking":false,"restriction":0,"stepsToRemove":100},
{"id":19,"autoRemovalTiming":0,"chanceByDamage":100,"traits":[],"iconIndex":0,"maxTurns":1,"message1":"","message2":"","message3":"","message4":"","minTurns":1,"motion":0,"name":"","note":"","overlay":0,"priority":50,"removeAtBattleEnd":false,"removeByDamage":false,"removeByRestriction":false,"removeByWalking":false,"restriction":0,"stepsToRemove":100},
{"id":20,"autoRemovalTiming":0,"chanceByDamage":100,"traits":[],"iconIndex":0,"maxTurns":1,"message1":"","message2":"","message3":"","message4":"","minTurns":1,"motion":0,"name":"","note":"","overlay":0,"priority":50,"removeAtBattleEnd":false,"removeByDamage":false,"removeByRestriction":false,"removeByWalking":false,"restriction":0,"stepsToRemove":100},
{"id":21,"autoRemovalTiming":0,"chanceByDamage":100,"traits":[],"iconIndex":222,"maxTurns":1,"message1":"","message2":"","message3":"","message4":"","minTurns":1,"motion":0,"name":"Reflective Veil","note":"Puts stacks on the target then each time\nmagic is reflected, a stack is removed.\n\n<Custom Apply Effect>\nvar stacks = target.getStateCounter(stateId) || 0;\nstacks += origin.bp + 1;\nstacks = stacks.clamp(0, 9);\ntarget.setStateCounter(stateId, stacks);\n</Custom Apply Effect>\n\n<Custom React Effect>\nif (this.isMagical() && value > 0) {\n  var animationId = target._lastAnimationId || this.item().animationId;\n  setTimeout(function(attacker, action, animationId) { \n    if (attacker.isAlive()) {\n        attacker.startAnimation(animationId);\n      action.apply(attacker);\n      attacker.clearResult();\n      if (attacker.isDead()) {\n        attacker.performCollapse();\n      }\n    }\n  }.bind(this, attacker, this, animationId), 1000);\n  target.startAnimation(132);\n  value = 0;\n  var stacks = target.getStateCounter(stateId) || 0;\n  stacks -= 1;\n  stacks = stacks.clamp(0, 9);\n  if (stacks < 1) {\n    target.removeState(stateId);\n  } else {\n    target.setStateCounter(stateId, stacks);\n  }\n}\n</Custom React Effect>","overlay":0,"priority":100,"removeAtBattleEnd":true,"removeByDamage":false,"removeByRestriction":false,"removeByWalking":false,"restriction":0,"stepsToRemove":100},
{"id":22,"autoRemovalTiming":2,"chanceByDamage":100,"traits":[],"iconIndex":109,"maxTurns":3,"message1":"","message2":"","message3":"","message4":"","minTurns":3,"motion":0,"name":"Holy Auspices","note":"This is a custom status effect for the \nCleric skill: Holy Auspices. It will\nmake the user cast the same skill twice.\n\n<Max Turns: 9>\n\n<Custom Action Start Effect>\nif (!$gameTemp._repeatAction && !$gameTemp._secondRepeat) {\n    var action = user.currentAction();\n    if (!!action && action.isSkill() && !action.item().note.match(/<Divine>/i) && !action.isAttack() && !action.isGuard()) {\n        $gameTemp._repeatAction = action.item().id;\n    }\n}\n</Custom Action Start Effect>\n\n<Custom Initiate Effect>\nif (!!$gameTemp._repeatAction && !$gameTemp._repeatTarget) {\n  $gameTemp._repeatActionTarget = target;\n}\n</Custom Initiate Effect>\n\n<Custom Action End Effect>\nif ($gameTemp._secondRepeat) {\n   $gameTemp._secondRepeat = false;\n} else if (!!$gameTemp._repeatAction) {\n    BattleManager.queueForceAction(user, $gameTemp._repeatAction, $gameTemp._repeatActionTarget);\n    $gameTemp._repeatAction = undefined;\n    $gameTemp._secondRepeat = true;\n}\n</Custom Action End Effect>","overlay":0,"priority":80,"removeAtBattleEnd":true,"removeByDamage":false,"removeByRestriction":false,"removeByWalking":false,"restriction":0,"stepsToRemove":100},
{"id":23,"autoRemovalTiming":2,"chanceByDamage":100,"traits":[],"iconIndex":108,"maxTurns":3,"message1":"","message2":"","message3":"","message4":"","minTurns":3,"motion":0,"name":"Enlightenment","note":"This is a custom status effect for the \nScholar skill: Enlightenment. Skills that\ntargeted all enemies now target one enemy.\n\n<Skill Target Change Enemies: All to One>\n<Max Turns: 9>\n\n<Custom Confirm Effect>\nif (value > 0 && this.isForOne()) {\n  value *= 4;\n}\n</Custom Confirm Effect>","overlay":0,"priority":80,"removeAtBattleEnd":true,"removeByDamage":false,"removeByRestriction":false,"removeByWalking":false,"restriction":0,"stepsToRemove":100},
{"id":24,"autoRemovalTiming":0,"chanceByDamage":100,"traits":[],"iconIndex":82,"maxTurns":1,"message1":"","message2":"","message3":"","message4":"","minTurns":1,"motion":0,"name":"Sidestep","note":"Puts stacks on the target then each time\nattacks are dodged, a stack is removed.\n\n<Custom Apply Effect>\nvar stacks = target.getStateCounter(stateId) || 0;\nstacks += origin.bp + 1;\nstacks = stacks.clamp(0, 9);\ntarget.setStateCounter(stateId, stacks);\n</Custom Apply Effect>\n\n<Custom Select Effect>\nif (this.isPhysical() && this.isDamage()) {\n  this._formerItemSuccessRate = this.item().successRate;\n  this.item().successRate = 0;\n}\n</Custom Select Effect>\n\n<Custom Deselect Effect>\nif (this._formerItemSuccessRate !== undefined) {\n  this.item().successRate = this._formerItemSuccessRate;\n  var stacks = target.getStateCounter(stateId) || 0;\n  stacks -= 1;\n  stacks = stacks.clamp(0, 9);\n  if (stacks < 1) {\n    target.removeState(stateId);\n  } else {\n    target.setStateCounter(stateId, stacks);\n  }\n}\n</Custom Deselect Effect>","overlay":0,"priority":100,"removeAtBattleEnd":true,"removeByDamage":false,"removeByRestriction":false,"removeByWalking":false,"restriction":0,"stepsToRemove":100},
{"id":25,"autoRemovalTiming":2,"chanceByDamage":100,"traits":[],"iconIndex":128,"maxTurns":3,"message1":"","message2":"","message3":"","message4":"","minTurns":3,"motion":0,"name":"Incite","note":"This is the status effect for the Warrior\nclass's Incite skill. It draws all attacks\nthat target one foe towards the user.\n\n<Physical Taunt>\n<Magical Taunt>\n<Certain Taunt>\n<Max Turns: 9>","overlay":0,"priority":50,"removeAtBattleEnd":true,"removeByDamage":false,"removeByRestriction":false,"removeByWalking":false,"restriction":0,"stepsToRemove":100},
{"id":26,"autoRemovalTiming":2,"chanceByDamage":100,"traits":[],"iconIndex":149,"maxTurns":3,"message1":"","message2":"","message3":"","message4":"","minTurns":3,"motion":0,"name":"Spread the Love","note":"This is a custom status effect for the \nDancer skill: Spread the Love. Skills that\ntargeted one ally/foe now target all.\n\n<Skill Target Change Enemies: One to All>\n<Skill Target Change Allies: One to All>\n<Max Turns: 9>","overlay":0,"priority":80,"removeAtBattleEnd":true,"removeByDamage":false,"removeByRestriction":false,"removeByWalking":false,"restriction":0,"stepsToRemove":100},
{"id":27,"autoRemovalTiming":2,"chanceByDamage":100,"traits":[],"iconIndex":241,"maxTurns":2,"message1":"","message2":"","message3":"","message4":"","minTurns":2,"motion":0,"name":"Immunity","note":"This is a custom status effect for the\nApothecary class. Once on, it prevents the\naffected ally to acquire the listed states or\ndebuffs until this status effect wears off.\n\n<State Immune: 6, 7, 8, 9, 10, 11, 12, 13>\n<Debuff Immune: 0, 1, 2, 3, 4, 5, 6, 7>\n<Max Turns: 9>","overlay":0,"priority":50,"removeAtBattleEnd":true,"removeByDamage":false,"removeByRestriction":false,"removeByWalking":false,"restriction":0,"stepsToRemove":100},
{"id":28,"autoRemovalTiming":2,"chanceByDamage":100,"traits":[],"iconIndex":147,"maxTurns":3,"message1":"","message2":"","message3":"","message4":"","minTurns":3,"motion":0,"name":"Charity","note":"This is a custom status effect for the \nApothecary skill: Charity. Items that\ntargeted one ally/foe now target all.\n\n<Item Target Change Enemies: One to All>\n<Item Target Change Allies: One to All>\n<Max Turns: 9>","overlay":0,"priority":80,"removeAtBattleEnd":true,"removeByDamage":false,"removeByRestriction":false,"removeByWalking":false,"restriction":0,"stepsToRemove":100},
{"id":29,"autoRemovalTiming":2,"chanceByDamage":100,"traits":[{"code":22,"dataId":0,"value":0.5},{"code":22,"dataId":2,"value":0.5}],"iconIndex":225,"maxTurns":2,"message1":"","message2":"","message3":"","message4":"","minTurns":2,"motion":0,"name":"Take Aim","note":"This is the Hunter class's Take Aim status\neffect which raises all allies' HIT and CRI.\n\n<Max Turns: 9>","overlay":0,"priority":50,"removeAtBattleEnd":true,"removeByDamage":false,"removeByRestriction":false,"removeByWalking":false,"restriction":0,"stepsToRemove":100},
{"id":30,"autoRemovalTiming":2,"chanceByDamage":100,"traits":[],"iconIndex":160,"maxTurns":2,"message1":"","message2":"","message3":"","message4":"","minTurns":2,"motion":0,"name":"BP Boost","note":"This is the Starseer's BP Boost status effect\nthat grants an additional BP gain per turn\nif the user hasn't performed a Boost during\nthe past turn.\n\n<BP Regen: +1>\n<Max Turns: 9>","overlay":0,"priority":50,"removeAtBattleEnd":true,"removeByDamage":false,"removeByRestriction":false,"removeByWalking":false,"restriction":0,"stepsToRemove":100},
{"id":31,"autoRemovalTiming":2,"chanceByDamage":100,"traits":[{"code":22,"dataId":2,"value":1}],"iconIndex":76,"maxTurns":2,"message1":"","message2":"","message3":"","message4":"","minTurns":2,"motion":0,"name":"Divination","note":"This is the Starseer's Diviniation status\neffect that gives the target the ability\nto land critical hits whenever possible.\n\n<Max Turns: 9>","overlay":0,"priority":50,"removeAtBattleEnd":true,"removeByDamage":false,"removeByRestriction":false,"removeByWalking":false,"restriction":0,"stepsToRemove":100},
{"id":32,"autoRemovalTiming":2,"chanceByDamage":100,"traits":[{"code":22,"dataId":1,"value":0.5}],"iconIndex":30,"maxTurns":2,"message1":"","message2":"","message3":"","message4":"","minTurns":2,"motion":0,"name":"Evasion Up","note":"This is the Starseer's Evasion Up status\neffect that gives the target more EVA.\n\n<Max Turns: 9>\n<Turn Color: 24>","overlay":0,"priority":50,"removeAtBattleEnd":true,"removeByDamage":false,"removeByRestriction":false,"removeByWalking":false,"restriction":0,"stepsToRemove":100},
{"id":33,"autoRemovalTiming":2,"chanceByDamage":100,"traits":[{"code":22,"dataId":1,"value":0.5}],"iconIndex":28,"maxTurns":2,"message1":"","message2":"","message3":"","message4":"","minTurns":2,"motion":0,"name":"Anti Buff","note":"This is the Starseer's Anti Buff status\neffect that prevents the target from being\nable to receive buffs.\n\n<Max Turns: 9>\n<Buff Immunity: 0, 1, 2, 3, 4, 5, 6, 7>","overlay":0,"priority":50,"removeAtBattleEnd":true,"removeByDamage":false,"removeByRestriction":false,"removeByWalking":false,"restriction":0,"stepsToRemove":100},
{"id":34,"autoRemovalTiming":2,"chanceByDamage":100,"traits":[{"code":22,"dataId":1,"value":0.5}],"iconIndex":29,"maxTurns":2,"message1":"","message2":"","message3":"","message4":"","minTurns":2,"motion":0,"name":"Anti Debuff","note":"This is the Starseer's Anti Debuff status\neffect that prevents the target from being\nable to receive debuffs.\n\n<Max Turns: 9>\n<Debuff Immunity: 0, 1, 2, 3, 4, 5, 6, 7>","overlay":0,"priority":50,"removeAtBattleEnd":true,"removeByDamage":false,"removeByRestriction":false,"removeByWalking":false,"restriction":0,"stepsToRemove":100},
{"id":35,"autoRemovalTiming":2,"chanceByDamage":100,"traits":[{"code":22,"dataId":7,"value":0.05}],"iconIndex":72,"maxTurns":2,"message1":"","message2":"","message3":"","message4":"","minTurns":2,"motion":0,"name":"HP Regen","note":"This is the Starseer's HP Regen status effect\nthat lets the target regen HP each turn.\n\n<Max Turns: 9>","overlay":0,"priority":50,"removeAtBattleEnd":true,"removeByDamage":false,"removeByRestriction":false,"removeByWalking":false,"restriction":0,"stepsToRemove":100},
{"id":36,"autoRemovalTiming":0,"chanceByDamage":100,"traits":[{"code":22,"dataId":6,"value":1}],"iconIndex":77,"maxTurns":1,"message1":"","message2":"","message3":"","message4":"","minTurns":1,"motion":0,"name":"Eye for an Eye","note":"Puts stacks on the target then each time\ntarget receives a physical attack, the\ntarget will counter if it is an enemy.\n\n<Counter Skills: 1>\n<Hit Counter>\n<Counter Condition>\nphysical hit\n</Counter Condition>\n\n<Custom Apply Effect>\nvar stacks = target.getStateCounter(stateId) || 0;\nstacks += origin.bp + 1;\nstacks = stacks.clamp(0, 9);\ntarget.setStateCounter(stateId, stacks);\n</Custom Apply Effect>\n\n<Custom Conclude Effect>\nif (BattleManager.isCountering()) {\n  var stacks = user.getStateCounter(stateId) || 0;\n  stacks -= 1;\n  stacks = stacks.clamp(0, 9);\n  if (stacks < 1) {\n    user.removeState(stateId);\n  } else {\n    user.setStateCounter(stateId, stacks);\n  }\n}\n</Custom Conclude Effect>","overlay":0,"priority":100,"removeAtBattleEnd":true,"removeByDamage":false,"removeByRestriction":false,"removeByWalking":false,"restriction":0,"stepsToRemove":100},
{"id":37,"autoRemovalTiming":2,"chanceByDamage":100,"traits":[],"iconIndex":64,"maxTurns":3,"message1":"","message2":"","message3":"","message4":"","minTurns":3,"motion":0,"name":"Fire Rune","note":"Rune Lord's Fire Rune.\nFollow up physical attacks with\nFiery Pursuit\n\n<Max Turns: 9>\n<Physical Follow Up Skill: 141>\n\n<Custom Initiate Effect>\nif (this.isPhysical() && this.isForOpponent()) {\n  target._pursuit = true;\n}\n</Custom Initiate Effect>","overlay":0,"priority":50,"removeAtBattleEnd":true,"removeByDamage":false,"removeByRestriction":false,"removeByWalking":false,"restriction":0,"stepsToRemove":100},
{"id":38,"autoRemovalTiming":2,"chanceByDamage":100,"traits":[],"iconIndex":65,"maxTurns":3,"message1":"","message2":"","message3":"","message4":"","minTurns":3,"motion":0,"name":"Ice Rune","note":"Rune Lord's Ice Rune.\nFollow up physical attacks with\nIcy Pursuit\n\n<Max Turns: 9>\n<Physical Follow Up Skill: 142>\n\n<Custom Initiate Effect>\nif (this.isPhysical() && this.isForOpponent()) {\n  target._pursuit = true;\n}\n</Custom Initiate Effect>","overlay":0,"priority":50,"removeAtBattleEnd":true,"removeByDamage":false,"removeByRestriction":false,"removeByWalking":false,"restriction":0,"stepsToRemove":100},
{"id":39,"autoRemovalTiming":2,"chanceByDamage":100,"traits":[],"iconIndex":66,"maxTurns":3,"message1":"","message2":"","message3":"","message4":"","minTurns":3,"motion":0,"name":"Thunder Rune","note":"Rune Lord's Thunder Rune.\nFollow up physical attacks with\nShocking Pursuit\n\n<Max Turns: 9>\n<Physical Follow Up Skill: 143>\n\n<Custom Initiate Effect>\nif (this.isPhysical() && this.isForOpponent()) {\n  target._pursuit = true;\n}\n</Custom Initiate Effect>","overlay":0,"priority":50,"removeAtBattleEnd":true,"removeByDamage":false,"removeByRestriction":false,"removeByWalking":false,"restriction":0,"stepsToRemove":100},
{"id":40,"autoRemovalTiming":2,"chanceByDamage":100,"traits":[],"iconIndex":69,"maxTurns":3,"message1":"","message2":"","message3":"","message4":"","minTurns":3,"motion":0,"name":"Wind Rune","note":"Rune Lord's Thunder Rune.\nFollow up physical attacks with\nWindy Pursuit\n\n<Max Turns: 9>\n<Physical Follow Up Skill: 144>\n\n<Custom Initiate Effect>\nif (this.isPhysical() && this.isForOpponent()) {\n  target._pursuit = true;\n}\n</Custom Initiate Effect>","overlay":0,"priority":50,"removeAtBattleEnd":true,"removeByDamage":false,"removeByRestriction":false,"removeByWalking":false,"restriction":0,"stepsToRemove":100},
{"id":41,"autoRemovalTiming":2,"chanceByDamage":100,"traits":[],"iconIndex":70,"maxTurns":3,"message1":"","message2":"","message3":"","message4":"","minTurns":3,"motion":0,"name":"Light Rune","note":"Rune Lord's Thunder Rune.\nFollow up physical attacks with\nBright Pursuit\n\n<Max Turns: 9>\n<Physical Follow Up Skill: 145>\n\n<Custom Initiate Effect>\nif (this.isPhysical() && this.isForOpponent()) {\n  target._pursuit = true;\n}\n</Custom Initiate Effect>","overlay":0,"priority":50,"removeAtBattleEnd":true,"removeByDamage":false,"removeByRestriction":false,"removeByWalking":false,"restriction":0,"stepsToRemove":100},
{"id":42,"autoRemovalTiming":2,"chanceByDamage":100,"traits":[],"iconIndex":71,"maxTurns":3,"message1":"","message2":"","message3":"","message4":"","minTurns":3,"motion":0,"name":"Dark Rune","note":"Rune Lord's Thunder Rune.\nFollow up physical attacks with\nShadowy Pursuit\n\n<Max Turns: 9>\n<Physical Follow Up Skill: 146>\n\n<Custom Initiate Effect>\nif (this.isPhysical() && this.isForOpponent()) {\n  target._pursuit = true;\n}\n</Custom Initiate Effect>","overlay":0,"priority":50,"removeAtBattleEnd":true,"removeByDamage":false,"removeByRestriction":false,"removeByWalking":false,"restriction":0,"stepsToRemove":100},
{"id":43,"autoRemovalTiming":2,"chanceByDamage":100,"traits":[],"iconIndex":75,"maxTurns":3,"message1":"","message2":"","message3":"","message4":"","minTurns":3,"motion":0,"name":"Transfer Rune","note":"Rune Lord's Thunder Rune.\nFollow up physical attacks with\nShadowy Pursuit\n\n<Max Turns: 9>\n<Skill Target Change: Self to All>","overlay":0,"priority":50,"removeAtBattleEnd":true,"removeByDamage":false,"removeByRestriction":false,"removeByWalking":false,"restriction":0,"stepsToRemove":100},
{"id":44,"autoRemovalTiming":2,"chanceByDamage":100,"traits":[],"iconIndex":121,"maxTurns":3,"message1":"","message2":"","message3":"","message4":"","minTurns":3,"motion":0,"name":"Spellmaster","note":"Sorcerer's Spellmaster status effect.\nThis makes magical attacks do critical\ndamage whenever possible.\n\n<Max Turns: 9>\n<Custom Confirm Effect>\nif (this.isMagical() && value > 0 && !target.result().critical) {\n  if (Math.random() > target.cev) {\n    target.result().critical = true;\n    value *= 2;\n  }\n}\n</Custom Confirm Effect>","overlay":0,"priority":50,"removeAtBattleEnd":true,"removeByDamage":false,"removeByRestriction":false,"removeByWalking":false,"restriction":0,"stepsToRemove":100},
{"id":45,"autoRemovalTiming":2,"chanceByDamage":100,"traits":[{"code":61,"dataId":0,"value":1}],"iconIndex":73,"maxTurns":2,"message1":"","message2":"","message3":"","message4":"","minTurns":2,"motion":0,"name":"Haste","note":"Time Blade's Haste skill applies this\nstatus effect.\n\n<Max Turns: 9>","overlay":0,"priority":50,"removeAtBattleEnd":true,"removeByDamage":false,"removeByRestriction":false,"removeByWalking":false,"restriction":0,"stepsToRemove":100},
{"id":46,"autoRemovalTiming":2,"chanceByDamage":100,"traits":[],"iconIndex":0,"maxTurns":2,"message1":"","message2":"","message3":"","message4":"","minTurns":2,"motion":0,"name":"Jumping","note":"<Cannot Select: All>\n\n<Custom Apply Effect>\nuser._jumpBP = user.bp;\n</Custom Apply Effect>\n\n// Buffs & States Core\n<Custom Leave Effect>\nvar skill = 219;\nvar target = -2;\nuser.setUseBP(user._jumpBP);\nBattleManager.queueForceAction(user, skill, target);\nuser._jumpBP = undefined;\n</Custom Leave Effect>","overlay":0,"priority":50,"removeAtBattleEnd":true,"removeByDamage":false,"removeByRestriction":false,"removeByWalking":false,"restriction":4,"stepsToRemove":100},
{"id":47,"autoRemovalTiming":2,"chanceByDamage":100,"traits":[{"code":31,"dataId":7,"value":1}],"iconIndex":64,"maxTurns":3,"message1":"","message2":"","message3":"","message4":"","minTurns":3,"motion":0,"name":"Fire Infusion","note":"<Max Turns: 9>\n\n<Custom Confirm Effect>\nif (this.isAttack()) {\n  target.startAnimation(3);\n}\n</Custom Confirm Effect>","overlay":0,"priority":50,"removeAtBattleEnd":true,"removeByDamage":false,"removeByRestriction":false,"removeByWalking":false,"restriction":0,"stepsToRemove":100},
{"id":48,"autoRemovalTiming":2,"chanceByDamage":100,"traits":[{"code":31,"dataId":8,"value":1}],"iconIndex":65,"maxTurns":3,"message1":"","message2":"","message3":"","message4":"","minTurns":3,"motion":0,"name":"Ice Infusion","note":"<Max Turns: 9>\n\n<Custom Confirm Effect>\nif (this.isAttack()) {\n  target.startAnimation(4);\n}\n</Custom Confirm Effect>","overlay":0,"priority":50,"removeAtBattleEnd":true,"removeByDamage":false,"removeByRestriction":false,"removeByWalking":false,"restriction":0,"stepsToRemove":100},
{"id":49,"autoRemovalTiming":2,"chanceByDamage":100,"traits":[{"code":31,"dataId":9,"value":1}],"iconIndex":66,"maxTurns":3,"message1":"","message2":"","message3":"","message4":"","minTurns":3,"motion":0,"name":"Lightning Infusion","note":"<Max Turns: 9>\n\n<Custom Confirm Effect>\nif (this.isAttack()) {\n  target.startAnimation(5);\n}\n</Custom Confirm Effect>","overlay":0,"priority":50,"removeAtBattleEnd":true,"removeByDamage":false,"removeByRestriction":false,"removeByWalking":false,"restriction":0,"stepsToRemove":100},
{"id":50,"autoRemovalTiming":2,"chanceByDamage":100,"traits":[{"code":31,"dataId":10,"value":1}],"iconIndex":69,"maxTurns":3,"message1":"","message2":"","message3":"","message4":"","minTurns":3,"motion":0,"name":"Wind Infusion","note":"<Max Turns: 9>\n\n<Custom Confirm Effect>\nif (this.isAttack()) {\n  target.startAnimation(92);\n}\n</Custom Confirm Effect>","overlay":0,"priority":50,"removeAtBattleEnd":true,"removeByDamage":false,"removeByRestriction":false,"removeByWalking":false,"restriction":0,"stepsToRemove":100},
{"id":51,"autoRemovalTiming":2,"chanceByDamage":100,"traits":[{"code":31,"dataId":11,"value":1}],"iconIndex":70,"maxTurns":3,"message1":"","message2":"","message3":"","message4":"","minTurns":3,"motion":0,"name":"Light Infusion","note":"<Max Turns: 9>\n\n<Custom Confirm Effect>\nif (this.isAttack()) {\n  target.startAnimation(97);\n}\n</Custom Confirm Effect>","overlay":0,"priority":50,"removeAtBattleEnd":true,"removeByDamage":false,"removeByRestriction":false,"removeByWalking":false,"restriction":0,"stepsToRemove":100},
{"id":52,"autoRemovalTiming":2,"chanceByDamage":100,"traits":[{"code":31,"dataId":12,"value":1}],"iconIndex":71,"maxTurns":3,"message1":"","message2":"","message3":"","message4":"","minTurns":3,"motion":0,"name":"Dark Infusion","note":"<Max Turns: 9>\n\n<Custom Confirm Effect>\nif (this.isAttack()) {\n  target.startAnimation(101);\n}\n</Custom Confirm Effect>","overlay":0,"priority":50,"removeAtBattleEnd":true,"removeByDamage":false,"removeByRestriction":false,"removeByWalking":false,"restriction":0,"stepsToRemove":100},
{"id":53,"autoRemovalTiming":2,"chanceByDamage":100,"traits":[{"code":22,"dataId":2,"value":0.5}],"iconIndex":160,"maxTurns":3,"message1":"","message2":"","message3":"","message4":"","minTurns":3,"motion":0,"name":"Critical Booster","note":"<BP Regen: 0%>\n<Max Turns: 9>\n\n<Custom Confirm Effect>\nif (target.result().critical) {\n    user.gainStoredBP(2);\n    user.startAnimation(135, user.isActor());\n}\n</Custom Confirm Effect>","overlay":0,"priority":1,"removeAtBattleEnd":true,"removeByDamage":false,"removeByRestriction":false,"removeByWalking":false,"restriction":0,"stepsToRemove":100},
{"id":54,"autoRemovalTiming":2,"chanceByDamage":100,"traits":[],"iconIndex":166,"maxTurns":3,"message1":"","message2":"","message3":"","message4":"","minTurns":3,"motion":0,"name":"Weakness Booster","note":"<BP Regen: 0%>\n<Max Turns: 9>\n\n<Custom Confirm Effect>\nif (Imported.YEP_ElementCore) {\n  var elements = this.getItemElements();\n} else {\n  var elementId = this.item().damage.elementId;\n  if (elementId < 0) {\n    var elements = this.subject().attackElements();\n  } else {\n    var elements = [elementId];\n    }\n}\nfor (var i = 0; i < elements.length; i++) {\n  var elementId = elements[i];\n  if (elementId > 0 && target.elementRate(elementId) >= 1.1) {\n    user.gainStoredBP(2);\n    user.startAnimation(135, user.isActor());\n  }\n}\n</Custom Confirm Effect>","overlay":0,"priority":1,"removeAtBattleEnd":true,"removeByDamage":false,"removeByRestriction":false,"removeByWalking":false,"restriction":0,"stepsToRemove":100},
{"id":55,"autoRemovalTiming":2,"chanceByDamage":100,"traits":[],"iconIndex":0,"maxTurns":1,"message1":"","message2":"","message3":"","message4":"","minTurns":1,"motion":0,"name":"Critical Exploited","note":"","overlay":0,"priority":1,"removeAtBattleEnd":true,"removeByDamage":false,"removeByRestriction":false,"removeByWalking":false,"restriction":0,"stepsToRemove":100},
{"id":56,"autoRemovalTiming":2,"chanceByDamage":100,"traits":[{"code":22,"dataId":2,"value":0.5}],"iconIndex":163,"maxTurns":3,"message1":"","message2":"","message3":"","message4":"","minTurns":3,"motion":0,"name":"Critical Exploiter","note":"<Max Turns: 9>\n\n<Custom Confirm Effect>\nvar exploited = target.isStateAffected(55);\nif (target.result().critical && !exploited) {\n  target.addState(55);\n  user.otbAddActionTimes(1, true);\n  user.startAnimation(134, user.isActor());\n  BattleManager.otbNextTurnChange(user, 2000, true);\n}\n</Custom Confirm Effect>","overlay":0,"priority":1,"removeAtBattleEnd":true,"removeByDamage":false,"removeByRestriction":false,"removeByWalking":false,"restriction":0,"stepsToRemove":100},
{"id":57,"autoRemovalTiming":2,"chanceByDamage":100,"traits":[],"iconIndex":0,"maxTurns":1,"message1":"","message2":"","message3":"","message4":"","minTurns":1,"motion":0,"name":"Weakness Exploited","note":"","overlay":0,"priority":1,"removeAtBattleEnd":true,"removeByDamage":false,"removeByRestriction":false,"removeByWalking":false,"restriction":0,"stepsToRemove":100},
{"id":58,"autoRemovalTiming":2,"chanceByDamage":100,"traits":[],"iconIndex":169,"maxTurns":3,"message1":"","message2":"","message3":"","message4":"","minTurns":3,"motion":0,"name":"Weakness Exploiter","note":"<Max Turns: 9>\n\n<Custom Confirm Effect>\nvar exploited = target.isStateAffected(57);\nif (!exploited) {\n  if (Imported.YEP_ElementCore) {\n    var elements = this.getItemElements();\n  } else {\n    var elementId = this.item().damage.elementId;\n    if (elementId < 0) {\n      var elements = this.subject().attackElements();\n    } else {\n      var elements = [elementId];\n      }\n  }\n  for (var i = 0; i < elements.length; i++) {\n    var elementId = elements[i];\n    if (elementId > 0 && target.elementRate(elementId) >= 1.1) {\n      target.addState(57);\n      user.otbAddActionTimes(1, true);\n      setTimeout(user.startAnimation.bind(user, 134, user.isActor()), 100);\n      BattleManager.otbNextTurnChange(user, 2000, true);\n    }\n  }\n}\n</Custom Confirm Effect>","overlay":0,"priority":2,"removeAtBattleEnd":true,"removeByDamage":false,"removeByRestriction":false,"removeByWalking":false,"restriction":0,"stepsToRemove":100},
{"id":59,"autoRemovalTiming":0,"chanceByDamage":100,"traits":[],"iconIndex":162,"maxTurns":1,"message1":"","message2":"","message3":"","message4":"","minTurns":1,"motion":0,"name":"BP Eater","note":"<Max Turns: 9>\n\n<Custom Confirm Effect>\nif (this.isDamage()) {\n  var multiplier = 1 + user.bp;\n  value *= multiplier;\n}\n</Custom Confirm Effect>","overlay":0,"priority":50,"removeAtBattleEnd":false,"removeByDamage":false,"removeByRestriction":false,"removeByWalking":false,"restriction":0,"stepsToRemove":100},
{"id":60,"autoRemovalTiming":0,"chanceByDamage":100,"traits":[],"iconIndex":0,"maxTurns":1,"message1":"","message2":"","message3":"","message4":"","minTurns":1,"motion":0,"name":"","note":"","overlay":0,"priority":50,"removeAtBattleEnd":false,"removeByDamage":false,"removeByRestriction":false,"removeByWalking":false,"restriction":0,"stepsToRemove":100},
{"id":61,"autoRemovalTiming":0,"chanceByDamage":100,"traits":[],"iconIndex":0,"maxTurns":1,"message1":"","message2":"","message3":"","message4":"","minTurns":1,"motion":0,"name":"","note":"","overlay":0,"priority":50,"removeAtBattleEnd":false,"removeByDamage":false,"removeByRestriction":false,"removeByWalking":false,"restriction":0,"stepsToRemove":100},
{"id":62,"autoRemovalTiming":1,"chanceByDamage":100,"traits":[{"code":21,"dataId":0,"value":1},{"code":22,"dataId":0,"value":0.5}],"iconIndex":87,"maxTurns":1,"message1":"","message2":"","message3":"","message4":"","minTurns":4,"motion":0,"name":"power up1","note":"<Custom Apply Effect>\n// Check if user is an actor.\nif (user.isActor()) {\n  // Archive the previous settings.\n  user._prevCharName = user._prevCharName || user._characterName;\n  user._prevCharIndex = user._prevCharIndex || user._characterIndex;\n  user._prevFaceName = user._prevFaceName || user._faceName;\n  user._prevFaceIndex = user._prevFaceIndex || user._faceIndex;\n  user._prevBattlerName = user._prevBattlerName || user._battlerName;\n  // Check if the actor ID is 13.\n  if (user.actorId() === 13) {\n    // The filename of the character graphic without the file extension.\n    var charName = 'Actor2_2';\n    // The index of the character graphic used.\n    var charIndex = 13;\n    // The filename of the face graphic without the file extension.\n    var faceName = 'Actor2_2';\n    // The index of of the face graphic used.\n    var faceIndex = 13;\n    // The filename of the battler graphic without the file extension.\n    var battlerName = 'Actor2_2';\n}\n  // Changes the character image to the setting applied from above.\n  user.setCharacterImage(charName, charIndex);\n  // Changes the face image to the setting applied from above.\n  user.setFaceImage(faceName, faceIndex);\n  // Changes the battler image from the setting applied from above.\n  user.setBattlerImage(battlerName);\n  // Refreshes the user's appearance.\n  user.refresh();\n}\n</Custom Apply Effect>\n\n<Custom Remove Effect>\n// Retrieve archived settings.\nvar charName = user._prevCharName;\nvar charIndex = user._prevCharIndex;\nvar faceName = user._prevFaceName;\nvar faceIndex = user._prevFaceIndex;\nvar battlerName = user._prevBattlerName;\n// Changes the character image to the archived setting.\nuser.setCharacterImage(charName, charIndex);\n// Changes the face image to the archived setting.\nuser.setFaceImage(faceName, faceIndex);\n// Changes the battler image from the archived setting.\nuser.setBattlerImage(battlerName);\n// Clear archived data.\nuser._priorityCharacterName = undefined;\nuser._priorityCharacterIndex = undefined;\nuser._prevFaceName = undefined;\nuser._prevFaceIndex = undefined;\nuser._priorityFaceName = undefined;\nuser._priorityFaceIndex = undefined;\nuser._prevFaceName = undefined;\nuser._prevFaceIndex = undefined;\nuser._priorityBattlerName = undefined;\nuser._prevBattlerName = undefined;\n// Refreshes the user's appearance.\nuser.refresh();\n</Custom Remove Effect>","overlay":0,"priority":50,"removeAtBattleEnd":true,"removeByDamage":false,"removeByRestriction":false,"removeByWalking":false,"restriction":0,"stepsToRemove":100},
{"id":63,"autoRemovalTiming":0,"chanceByDamage":100,"traits":[],"iconIndex":0,"maxTurns":1,"message1":"","message2":"","message3":"","message4":"","minTurns":1,"motion":0,"name":"","note":"","overlay":0,"priority":50,"removeAtBattleEnd":false,"removeByDamage":false,"removeByRestriction":false,"removeByWalking":false,"restriction":0,"stepsToRemove":100},
{"id":64,"autoRemovalTiming":0,"chanceByDamage":100,"traits":[],"iconIndex":0,"maxTurns":1,"message1":"","message2":"","message3":"","message4":"","minTurns":1,"motion":0,"name":"","note":"","overlay":0,"priority":50,"removeAtBattleEnd":false,"removeByDamage":false,"removeByRestriction":false,"removeByWalking":false,"restriction":0,"stepsToRemove":100},
{"id":65,"autoRemovalTiming":0,"chanceByDamage":100,"traits":[],"iconIndex":0,"maxTurns":1,"message1":"","message2":"","message3":"","message4":"","minTurns":1,"motion":0,"name":"","note":"","overlay":0,"priority":50,"removeAtBattleEnd":false,"removeByDamage":false,"removeByRestriction":false,"removeByWalking":false,"restriction":0,"stepsToRemove":100},
{"id":66,"autoRemovalTiming":0,"chanceByDamage":100,"traits":[],"iconIndex":0,"maxTurns":1,"message1":"","message2":"","message3":"","message4":"","minTurns":1,"motion":0,"name":"","note":"","overlay":0,"priority":50,"removeAtBattleEnd":false,"removeByDamage":false,"removeByRestriction":false,"removeByWalking":false,"restriction":0,"stepsToRemove":100},
{"id":67,"autoRemovalTiming":0,"chanceByDamage":100,"traits":[],"iconIndex":0,"maxTurns":1,"message1":"","message2":"","message3":"","message4":"","minTurns":1,"motion":0,"name":"","note":"","overlay":0,"priority":50,"removeAtBattleEnd":false,"removeByDamage":false,"removeByRestriction":false,"removeByWalking":false,"restriction":0,"stepsToRemove":100},
{"id":68,"autoRemovalTiming":0,"chanceByDamage":100,"traits":[],"iconIndex":0,"maxTurns":1,"message1":"","message2":"","message3":"","message4":"","minTurns":1,"motion":0,"name":"","note":"","overlay":0,"priority":50,"removeAtBattleEnd":false,"removeByDamage":false,"removeByRestriction":false,"removeByWalking":false,"restriction":0,"stepsToRemove":100},
{"id":69,"autoRemovalTiming":0,"chanceByDamage":100,"traits":[],"iconIndex":0,"maxTurns":1,"message1":"","message2":"","message3":"","message4":"","minTurns":1,"motion":0,"name":"","note":"","overlay":0,"priority":50,"removeAtBattleEnd":false,"removeByDamage":false,"removeByRestriction":false,"removeByWalking":false,"restriction":0,"stepsToRemove":100},
{"id":70,"autoRemovalTiming":0,"chanceByDamage":100,"traits":[],"iconIndex":0,"maxTurns":1,"message1":"","message2":"","message3":"","message4":"","minTurns":1,"motion":0,"name":"","note":"","overlay":0,"priority":50,"removeAtBattleEnd":false,"removeByDamage":false,"removeByRestriction":false,"removeByWalking":false,"restriction":0,"stepsToRemove":100},
{"id":71,"autoRemovalTiming":0,"chanceByDamage":100,"traits":[],"iconIndex":0,"maxTurns":1,"message1":"","message2":"","message3":"","message4":"","minTurns":1,"motion":0,"name":"","note":"","overlay":0,"priority":50,"removeAtBattleEnd":false,"removeByDamage":false,"removeByRestriction":false,"removeByWalking":false,"restriction":0,"stepsToRemove":100},
{"id":72,"autoRemovalTiming":0,"chanceByDamage":100,"traits":[],"iconIndex":0,"maxTurns":1,"message1":"","message2":"","message3":"","message4":"","minTurns":1,"motion":0,"name":"","note":"","overlay":0,"priority":50,"removeAtBattleEnd":false,"removeByDamage":false,"removeByRestriction":false,"removeByWalking":false,"restriction":0,"stepsToRemove":100},
{"id":73,"autoRemovalTiming":0,"chanceByDamage":100,"traits":[],"iconIndex":0,"maxTurns":1,"message1":"","message2":"","message3":"","message4":"","minTurns":1,"motion":0,"name":"","note":"","overlay":0,"priority":50,"removeAtBattleEnd":false,"removeByDamage":false,"removeByRestriction":false,"removeByWalking":false,"restriction":0,"stepsToRemove":100},
{"id":74,"autoRemovalTiming":0,"chanceByDamage":100,"traits":[],"iconIndex":0,"maxTurns":1,"message1":"","message2":"","message3":"","message4":"","minTurns":1,"motion":0,"name":"","note":"","overlay":0,"priority":50,"removeAtBattleEnd":false,"removeByDamage":false,"removeByRestriction":false,"removeByWalking":false,"restriction":0,"stepsToRemove":100},
{"id":75,"autoRemovalTiming":0,"chanceByDamage":100,"traits":[],"iconIndex":0,"maxTurns":1,"message1":"","message2":"","message3":"","message4":"","minTurns":1,"motion":0,"name":"","note":"","overlay":0,"priority":50,"removeAtBattleEnd":false,"removeByDamage":false,"removeByRestriction":false,"removeByWalking":false,"restriction":0,"stepsToRemove":100},
{"id":76,"autoRemovalTiming":0,"chanceByDamage":100,"traits":[],"iconIndex":0,"maxTurns":1,"message1":"","message2":"","message3":"","message4":"","minTurns":1,"motion":0,"name":"","note":"","overlay":0,"priority":50,"removeAtBattleEnd":false,"removeByDamage":false,"removeByRestriction":false,"removeByWalking":false,"restriction":0,"stepsToRemove":100},
{"id":77,"autoRemovalTiming":0,"chanceByDamage":100,"traits":[],"iconIndex":0,"maxTurns":1,"message1":"","message2":"","message3":"","message4":"","minTurns":1,"motion":0,"name":"","note":"","overlay":0,"priority":50,"removeAtBattleEnd":false,"removeByDamage":false,"removeByRestriction":false,"removeByWalking":false,"restriction":0,"stepsToRemove":100},
{"id":78,"autoRemovalTiming":0,"chanceByDamage":100,"traits":[],"iconIndex":0,"maxTurns":1,"message1":"","message2":"","message3":"","message4":"","minTurns":1,"motion":0,"name":"","note":"","overlay":0,"priority":50,"removeAtBattleEnd":false,"removeByDamage":false,"removeByRestriction":false,"removeByWalking":false,"restriction":0,"stepsToRemove":100},
{"id":79,"autoRemovalTiming":0,"chanceByDamage":100,"traits":[],"iconIndex":0,"maxTurns":1,"message1":"","message2":"","message3":"","message4":"","minTurns":1,"motion":0,"name":"","note":"","overlay":0,"priority":50,"removeAtBattleEnd":false,"removeByDamage":false,"removeByRestriction":false,"removeByWalking":false,"restriction":0,"stepsToRemove":100},
{"id":80,"autoRemovalTiming":0,"chanceByDamage":100,"traits":[],"iconIndex":0,"maxTurns":1,"message1":"","message2":"","message3":"","message4":"","minTurns":1,"motion":0,"name":"","note":"","overlay":0,"priority":50,"removeAtBattleEnd":false,"removeByDamage":false,"removeByRestriction":false,"removeByWalking":false,"restriction":0,"stepsToRemove":100},
{"id":81,"autoRemovalTiming":0,"chanceByDamage":100,"traits":[],"iconIndex":0,"maxTurns":1,"message1":"","message2":"","message3":"","message4":"","minTurns":1,"motion":0,"name":"","note":"","overlay":0,"priority":50,"removeAtBattleEnd":false,"removeByDamage":false,"removeByRestriction":false,"removeByWalking":false,"restriction":0,"stepsToRemove":100},
{"id":82,"autoRemovalTiming":0,"chanceByDamage":100,"traits":[],"iconIndex":0,"maxTurns":1,"message1":"","message2":"","message3":"","message4":"","minTurns":1,"motion":0,"name":"","note":"","overlay":0,"priority":50,"removeAtBattleEnd":false,"removeByDamage":false,"removeByRestriction":false,"removeByWalking":false,"restriction":0,"stepsToRemove":100},
{"id":83,"autoRemovalTiming":0,"chanceByDamage":100,"traits":[],"iconIndex":0,"maxTurns":1,"message1":"","message2":"","message3":"","message4":"","minTurns":1,"motion":0,"name":"","note":"","overlay":0,"priority":50,"removeAtBattleEnd":false,"removeByDamage":false,"removeByRestriction":false,"removeByWalking":false,"restriction":0,"stepsToRemove":100},
{"id":84,"autoRemovalTiming":0,"chanceByDamage":100,"traits":[],"iconIndex":0,"maxTurns":1,"message1":"","message2":"","message3":"","message4":"","minTurns":1,"motion":0,"name":"","note":"","overlay":0,"priority":50,"removeAtBattleEnd":false,"removeByDamage":false,"removeByRestriction":false,"removeByWalking":false,"restriction":0,"stepsToRemove":100},
{"id":85,"autoRemovalTiming":0,"chanceByDamage":100,"traits":[],"iconIndex":0,"maxTurns":1,"message1":"","message2":"","message3":"","message4":"","minTurns":1,"motion":0,"name":"","note":"","overlay":0,"priority":50,"removeAtBattleEnd":false,"removeByDamage":false,"removeByRestriction":false,"removeByWalking":false,"restriction":0,"stepsToRemove":100},
{"id":86,"autoRemovalTiming":0,"chanceByDamage":100,"traits":[],"iconIndex":0,"maxTurns":1,"message1":"","message2":"","message3":"","message4":"","minTurns":1,"motion":0,"name":"","note":"","overlay":0,"priority":50,"removeAtBattleEnd":false,"removeByDamage":false,"removeByRestriction":false,"removeByWalking":false,"restriction":0,"stepsToRemove":100},
{"id":87,"autoRemovalTiming":0,"chanceByDamage":100,"traits":[],"iconIndex":0,"maxTurns":1,"message1":"","message2":"","message3":"","message4":"","minTurns":1,"motion":0,"name":"","note":"","overlay":0,"priority":50,"removeAtBattleEnd":false,"removeByDamage":false,"removeByRestriction":false,"removeByWalking":false,"restriction":0,"stepsToRemove":100},
{"id":88,"autoRemovalTiming":0,"chanceByDamage":100,"traits":[],"iconIndex":0,"maxTurns":1,"message1":"","message2":"","message3":"","message4":"","minTurns":1,"motion":0,"name":"","note":"","overlay":0,"priority":50,"removeAtBattleEnd":false,"removeByDamage":false,"removeByRestriction":false,"removeByWalking":false,"restriction":0,"stepsToRemove":100},
{"id":89,"autoRemovalTiming":0,"chanceByDamage":100,"traits":[],"iconIndex":0,"maxTurns":1,"message1":"","message2":"","message3":"","message4":"","minTurns":1,"motion":0,"name":"","note":"","overlay":0,"priority":50,"removeAtBattleEnd":false,"removeByDamage":false,"removeByRestriction":false,"removeByWalking":false,"restriction":0,"stepsToRemove":100},
{"id":90,"autoRemovalTiming":0,"chanceByDamage":100,"traits":[],"iconIndex":0,"maxTurns":1,"message1":"","message2":"","message3":"","message4":"","minTurns":1,"motion":0,"name":"","note":"","overlay":0,"priority":50,"removeAtBattleEnd":false,"removeByDamage":false,"removeByRestriction":false,"removeByWalking":false,"restriction":0,"stepsToRemove":100},
{"id":91,"autoRemovalTiming":0,"chanceByDamage":100,"traits":[],"iconIndex":0,"maxTurns":1,"message1":"","message2":"","message3":"","message4":"","minTurns":1,"motion":0,"name":"","note":"","overlay":0,"priority":50,"removeAtBattleEnd":false,"removeByDamage":false,"removeByRestriction":false,"removeByWalking":false,"restriction":0,"stepsToRemove":100},
{"id":92,"autoRemovalTiming":0,"chanceByDamage":100,"traits":[],"iconIndex":0,"maxTurns":1,"message1":"","message2":"","message3":"","message4":"","minTurns":1,"motion":0,"name":"","note":"","overlay":0,"priority":50,"removeAtBattleEnd":false,"removeByDamage":false,"removeByRestriction":false,"removeByWalking":false,"restriction":0,"stepsToRemove":100},
{"id":93,"autoRemovalTiming":0,"chanceByDamage":100,"traits":[],"iconIndex":0,"maxTurns":1,"message1":"","message2":"","message3":"","message4":"","minTurns":1,"motion":0,"name":"","note":"","overlay":0,"priority":50,"removeAtBattleEnd":false,"removeByDamage":false,"removeByRestriction":false,"removeByWalking":false,"restriction":0,"stepsToRemove":100},
{"id":94,"autoRemovalTiming":0,"chanceByDamage":100,"traits":[],"iconIndex":0,"maxTurns":1,"message1":"","message2":"","message3":"","message4":"","minTurns":1,"motion":0,"name":"","note":"","overlay":0,"priority":50,"removeAtBattleEnd":false,"removeByDamage":false,"removeByRestriction":false,"removeByWalking":false,"restriction":0,"stepsToRemove":100},
{"id":95,"autoRemovalTiming":0,"chanceByDamage":100,"traits":[],"iconIndex":0,"maxTurns":1,"message1":"","message2":"","message3":"","message4":"","minTurns":1,"motion":0,"name":"","note":"","overlay":0,"priority":50,"removeAtBattleEnd":false,"removeByDamage":false,"removeByRestriction":false,"removeByWalking":false,"restriction":0,"stepsToRemove":100},
{"id":96,"autoRemovalTiming":0,"chanceByDamage":100,"traits":[],"iconIndex":0,"maxTurns":1,"message1":"","message2":"","message3":"","message4":"","minTurns":1,"motion":0,"name":"","note":"","overlay":0,"priority":50,"removeAtBattleEnd":false,"removeByDamage":false,"removeByRestriction":false,"removeByWalking":false,"restriction":0,"stepsToRemove":100},
{"id":97,"autoRemovalTiming":0,"chanceByDamage":100,"traits":[],"iconIndex":0,"maxTurns":1,"message1":"","message2":"","message3":"","message4":"","minTurns":1,"motion":0,"name":"","note":"","overlay":0,"priority":50,"removeAtBattleEnd":false,"removeByDamage":false,"removeByRestriction":false,"removeByWalking":false,"restriction":0,"stepsToRemove":100},
{"id":98,"autoRemovalTiming":0,"chanceByDamage":100,"traits":[],"iconIndex":0,"maxTurns":1,"message1":"","message2":"","message3":"","message4":"","minTurns":1,"motion":0,"name":"","note":"","overlay":0,"priority":50,"removeAtBattleEnd":false,"removeByDamage":false,"removeByRestriction":false,"removeByWalking":false,"restriction":0,"stepsToRemove":100},
{"id":99,"autoRemovalTiming":0,"chanceByDamage":100,"traits":[],"iconIndex":0,"maxTurns":1,"message1":"","message2":"","message3":"","message4":"","minTurns":1,"motion":0,"name":"","note":"","overlay":0,"priority":50,"removeAtBattleEnd":false,"removeByDamage":false,"removeByRestriction":false,"removeByWalking":false,"restriction":0,"stepsToRemove":100},
{"id":100,"autoRemovalTiming":0,"chanceByDamage":100,"traits":[],"iconIndex":0,"maxTurns":1,"message1":"","message2":"","message3":"","message4":"","minTurns":1,"motion":0,"name":"","note":"","overlay":0,"priority":50,"removeAtBattleEnd":false,"removeByDamage":false,"removeByRestriction":false,"removeByWalking":false,"restriction":0,"stepsToRemove":100}
]