[
null,
{"id":1,"animationId":6,"description":"Sword: ATK +1, ACC +10%","etypeId":1,"traits":[{"code":31,"dataId":1,"value":0},{"code":22,"dataId":0,"value":0.1}],"iconIndex":97,"name":"Training Sword","note":"","params":[0,0,1,0,0,0,0,0],"price":1,"wtypeId":1},
{"id":2,"animationId":11,"description":"Spear: ATK +1, ACC +10%","etypeId":1,"traits":[{"code":31,"dataId":2,"value":0},{"code":22,"dataId":0,"value":0.1}],"iconIndex":107,"name":"Training Spear","note":"","params":[0,0,1,0,0,0,0,0],"price":1,"wtypeId":2},
{"id":3,"animationId":6,"description":"Dagger: ATK +1, ACC +10%","etypeId":1,"traits":[{"code":31,"dataId":3,"value":0},{"code":22,"dataId":0,"value":0.1}],"iconIndex":96,"name":"Training Dagger","note":"","params":[0,0,1,0,0,0,0,0],"price":1,"wtypeId":3},
{"id":4,"animationId":6,"description":"Axe: ATK +1, ACC +10%","etypeId":1,"traits":[{"code":31,"dataId":4,"value":0},{"code":22,"dataId":0,"value":0.1}],"iconIndex":99,"name":"Training Axe","note":"","params":[0,0,1,0,0,0,0,0],"price":1,"wtypeId":4},
{"id":5,"animationId":11,"description":"Bow: ATK +1, ACC +10%","etypeId":1,"traits":[{"code":31,"dataId":5,"value":0},{"code":22,"dataId":0,"value":0.1}],"iconIndex":102,"name":"Training Bow","note":"","params":[0,0,1,0,0,0,0,0],"price":1,"wtypeId":5},
{"id":6,"animationId":1,"description":"Staff: ATK +1, ACC +10%","etypeId":1,"traits":[{"code":31,"dataId":6,"value":0},{"code":22,"dataId":0,"value":0.1}],"iconIndex":101,"name":"Training Staff","note":"","params":[0,0,1,0,0,0,0,0],"price":1,"wtypeId":6},
{"id":7,"animationId":0,"description":"","etypeId":1,"traits":[{"code":31,"dataId":1,"value":0},{"code":22,"dataId":0,"value":0}],"iconIndex":0,"name":"","note":"","params":[0,0,0,0,0,0,0,0],"price":0,"wtypeId":0},
{"id":8,"animationId":0,"description":"","etypeId":1,"traits":[{"code":31,"dataId":1,"value":0},{"code":22,"dataId":0,"value":0}],"iconIndex":0,"name":"<Swords> ATK + AGI","note":"","params":[0,0,0,0,0,0,0,0],"price":0,"wtypeId":0},
{"id":9,"animationId":6,"description":"Sword: ATK +15, AGI +3, ACC +1%. ","etypeId":1,"traits":[{"code":31,"dataId":1,"value":0},{"code":22,"dataId":0,"value":0.01}],"iconIndex":97,"name":"Metal Sword","note":"\n\n","params":[0,0,15,0,0,0,3,0],"price":355,"wtypeId":1},
{"id":10,"animationId":6,"description":"Sword: ATK +22, AGI +6, ACC +2%. ","etypeId":1,"traits":[{"code":31,"dataId":1,"value":0},{"code":22,"dataId":0,"value":0.01}],"iconIndex":97,"name":"Copper Sword","note":"\n\n","params":[0,0,22,0,0,0,6,0],"price":1380,"wtypeId":1},
{"id":11,"animationId":6,"description":"Sword: ATK +29, AGI +9, ACC +3%. ","etypeId":1,"traits":[{"code":31,"dataId":1,"value":0},{"code":22,"dataId":0,"value":0.02}],"iconIndex":97,"name":"Brass Sword","note":"\n\n","params":[0,0,29,0,0,0,9,0],"price":2675,"wtypeId":1},
{"id":12,"animationId":6,"description":"Sword: ATK +36, AGI +12, ACC +4%. ","etypeId":1,"traits":[{"code":31,"dataId":1,"value":0},{"code":22,"dataId":0,"value":0.02}],"iconIndex":97,"name":"Tin Sword","note":"\n\n","params":[0,0,36,0,0,0,12,0],"price":4240,"wtypeId":1},
{"id":13,"animationId":6,"description":"Sword: ATK +43, AGI +15, ACC +5%. ","etypeId":1,"traits":[{"code":31,"dataId":1,"value":0},{"code":22,"dataId":0,"value":0.03}],"iconIndex":97,"name":"Bronze Sword","note":"\n\n","params":[0,0,43,0,0,0,15,0],"price":6075,"wtypeId":1},
{"id":14,"animationId":6,"description":"Sword: ATK +50, AGI +18, ACC +6%. ","etypeId":1,"traits":[{"code":31,"dataId":1,"value":0},{"code":22,"dataId":0,"value":0.03}],"iconIndex":97,"name":"Nickle Sword","note":"\n\n","params":[0,0,50,0,0,0,18,0],"price":8180,"wtypeId":1},
{"id":15,"animationId":6,"description":"Sword: ATK +57, AGI +21, ACC +7%. ","etypeId":1,"traits":[{"code":31,"dataId":1,"value":0},{"code":22,"dataId":0,"value":0.04}],"iconIndex":97,"name":"Silver Sword","note":"\n\n","params":[0,0,57,0,0,0,21,0],"price":10555,"wtypeId":1},
{"id":16,"animationId":6,"description":"Sword: ATK +64, AGI +24, ACC +8%. ","etypeId":1,"traits":[{"code":31,"dataId":1,"value":0},{"code":22,"dataId":0,"value":0.04}],"iconIndex":97,"name":"Iron Sword","note":"\n\n","params":[0,0,64,0,0,0,24,0],"price":13200,"wtypeId":1},
{"id":17,"animationId":6,"description":"Sword: ATK +71, AGI +27, ACC +9%. ","etypeId":1,"traits":[{"code":31,"dataId":1,"value":0},{"code":22,"dataId":0,"value":0.05}],"iconIndex":97,"name":"Gold Sword","note":"\n\n","params":[0,0,71,0,0,0,27,0],"price":16115,"wtypeId":1},
{"id":18,"animationId":6,"description":"Sword: ATK +78, AGI +30, ACC +10%. ","etypeId":1,"traits":[{"code":31,"dataId":1,"value":0},{"code":22,"dataId":0,"value":0.05}],"iconIndex":97,"name":"Steel Sword","note":"\n\n","params":[0,0,78,0,0,0,30,0],"price":19300,"wtypeId":1},
{"id":19,"animationId":6,"description":"Sword: ATK +85, AGI +33, ACC +11%. ","etypeId":1,"traits":[{"code":31,"dataId":1,"value":0},{"code":22,"dataId":0,"value":0.06}],"iconIndex":97,"name":"Thorium Sword","note":"\n\n","params":[0,0,85,0,0,0,33,0],"price":22755,"wtypeId":1},
{"id":20,"animationId":6,"description":"Sword: ATK +92, AGI +36, ACC +12%. ","etypeId":1,"traits":[{"code":31,"dataId":1,"value":0},{"code":22,"dataId":0,"value":0.06}],"iconIndex":97,"name":"Platinum Sword","note":"\n\n","params":[0,0,92,0,0,0,36,0],"price":26480,"wtypeId":1},
{"id":21,"animationId":6,"description":"Sword: ATK +99, AGI +39, ACC +13%. ","etypeId":1,"traits":[{"code":31,"dataId":1,"value":0},{"code":22,"dataId":0,"value":0.07}],"iconIndex":97,"name":"Titanium Sword","note":"\n\n","params":[0,0,99,0,0,0,39,0],"price":30475,"wtypeId":1},
{"id":22,"animationId":6,"description":"Sword: ATK +106, AGI +42, ACC +14%. ","etypeId":1,"traits":[{"code":31,"dataId":1,"value":0},{"code":22,"dataId":0,"value":0.07}],"iconIndex":97,"name":"Truesilver Sword","note":"\n\n","params":[0,0,106,0,0,0,42,0],"price":34740,"wtypeId":1},
{"id":23,"animationId":6,"description":"Sword: ATK +113, AGI +45, ACC +15%. ","etypeId":1,"traits":[{"code":31,"dataId":1,"value":0},{"code":22,"dataId":0,"value":0.08}],"iconIndex":97,"name":"Truegold Sword","note":"\n\n","params":[0,0,113,0,0,0,45,0],"price":39275,"wtypeId":1},
{"id":24,"animationId":6,"description":"Sword: ATK +120, AGI +48, ACC +16%. ","etypeId":1,"traits":[{"code":31,"dataId":1,"value":0},{"code":22,"dataId":0,"value":0.08}],"iconIndex":97,"name":"Orichalcum Sword","note":"\n\n","params":[0,0,120,0,0,0,48,0],"price":44080,"wtypeId":1},
{"id":25,"animationId":6,"description":"Sword: ATK +127, AGI +51, ACC +17%. ","etypeId":1,"traits":[{"code":31,"dataId":1,"value":0},{"code":22,"dataId":0,"value":0.09}],"iconIndex":97,"name":"Trueplatinum Sword","note":"\n\n","params":[0,0,127,0,0,0,51,0],"price":49155,"wtypeId":1},
{"id":26,"animationId":6,"description":"Sword: ATK +134, AGI +54, ACC +18%. ","etypeId":1,"traits":[{"code":31,"dataId":1,"value":0},{"code":22,"dataId":0,"value":0.09}],"iconIndex":97,"name":"Obsidium Sword","note":"\n\n","params":[0,0,134,0,0,0,54,0],"price":54500,"wtypeId":1},
{"id":27,"animationId":6,"description":"Sword: ATK +141, AGI +57, ACC +19%. ","etypeId":1,"traits":[{"code":31,"dataId":1,"value":0},{"code":22,"dataId":0,"value":0.1}],"iconIndex":97,"name":"Eternium Sword","note":"\n\n","params":[0,0,141,0,0,0,57,0],"price":60115,"wtypeId":1},
{"id":28,"animationId":6,"description":"Sword: ATK +148, AGI +60, ACC +20%. ","etypeId":1,"traits":[{"code":31,"dataId":1,"value":0},{"code":22,"dataId":0,"value":0.1}],"iconIndex":97,"name":"Aetherium Sword","note":"\n\n","params":[0,0,148,0,0,0,60,0],"price":66000,"wtypeId":1},
{"id":29,"animationId":0,"description":"","etypeId":1,"traits":[{"code":31,"dataId":1,"value":0},{"code":22,"dataId":0,"value":0}],"iconIndex":0,"name":"","note":"","params":[0,0,0,0,0,0,0,0],"price":0,"wtypeId":0},
{"id":30,"animationId":0,"description":"","etypeId":1,"traits":[{"code":31,"dataId":1,"value":0},{"code":22,"dataId":0,"value":0}],"iconIndex":0,"name":"<Swords> ATK + MAT","note":"","params":[0,0,0,0,0,0,0,0],"price":0,"wtypeId":0},
{"id":31,"animationId":6,"description":"Sword: ATK +14, MAT +5, ACC +1%. ","etypeId":1,"traits":[{"code":31,"dataId":1,"value":0},{"code":22,"dataId":0,"value":0.01}],"iconIndex":97,"name":"Crystal Saber","note":"\n\n","params":[0,0,14,0,5,0,0,0],"price":373,"wtypeId":1},
{"id":32,"animationId":6,"description":"Sword: ATK +19, MAT +9, ACC +2%. ","etypeId":1,"traits":[{"code":31,"dataId":1,"value":0},{"code":22,"dataId":0,"value":0.01}],"iconIndex":97,"name":"Quartz Saber","note":"\n\n","params":[0,0,19,0,9,0,0,0],"price":1395,"wtypeId":1},
{"id":33,"animationId":6,"description":"Sword: ATK +25, MAT +14, ACC +3%. ","etypeId":1,"traits":[{"code":31,"dataId":1,"value":0},{"code":22,"dataId":0,"value":0.02}],"iconIndex":97,"name":"Topaz Saber","note":"\n\n","params":[0,0,25,0,14,0,0,0],"price":2750,"wtypeId":1},
{"id":34,"animationId":6,"description":"Sword: ATK +30, MAT +18, ACC +4%. ","etypeId":1,"traits":[{"code":31,"dataId":1,"value":0},{"code":22,"dataId":0,"value":0.02}],"iconIndex":97,"name":"Jade Saber","note":"\n\n","params":[0,0,30,0,18,0,0,0],"price":4300,"wtypeId":1},
{"id":35,"animationId":6,"description":"Sword: ATK +36, MAT +23, ACC +5%. ","etypeId":1,"traits":[{"code":31,"dataId":1,"value":0},{"code":22,"dataId":0,"value":0.03}],"iconIndex":97,"name":"Amethyst Saber","note":"\n\n","params":[0,0,36,0,23,0,0,0],"price":6238,"wtypeId":1},
{"id":36,"animationId":6,"description":"Sword: ATK +41, MAT +27, ACC +6%. ","etypeId":1,"traits":[{"code":31,"dataId":1,"value":0},{"code":22,"dataId":0,"value":0.03}],"iconIndex":97,"name":"Malachite Saber","note":"\n\n","params":[0,0,41,0,27,0,0,0],"price":8315,"wtypeId":1},
{"id":37,"animationId":6,"description":"Sword: ATK +47, MAT +32, ACC +7%. ","etypeId":1,"traits":[{"code":31,"dataId":1,"value":0},{"code":22,"dataId":0,"value":0.04}],"iconIndex":97,"name":"Opal Saber","note":"\n\n","params":[0,0,47,0,32,0,0,0],"price":10835,"wtypeId":1},
{"id":38,"animationId":6,"description":"Sword: ATK +52, MAT +36, ACC +8%. ","etypeId":1,"traits":[{"code":31,"dataId":1,"value":0},{"code":22,"dataId":0,"value":0.04}],"iconIndex":97,"name":"Lapis Saber","note":"\n\n","params":[0,0,52,0,36,0,0,0],"price":13440,"wtypeId":1},
{"id":39,"animationId":6,"description":"Sword: ATK +58, MAT +41, ACC +9%. ","etypeId":1,"traits":[{"code":31,"dataId":1,"value":0},{"code":22,"dataId":0,"value":0.05}],"iconIndex":97,"name":"Onyx Saber","note":"\n\n","params":[0,0,58,0,41,0,0,0],"price":16543,"wtypeId":1},
{"id":40,"animationId":6,"description":"Sword: ATK +63, MAT +45, ACC +10%. ","etypeId":1,"traits":[{"code":31,"dataId":1,"value":0},{"code":22,"dataId":0,"value":0.05}],"iconIndex":97,"name":"Moonstone Saber","note":"\n\n","params":[0,0,63,0,45,0,0,0],"price":19675,"wtypeId":1},
{"id":41,"animationId":6,"description":"Sword: ATK +69, MAT +50, ACC +11%. ","etypeId":1,"traits":[{"code":31,"dataId":1,"value":0},{"code":22,"dataId":0,"value":0.06}],"iconIndex":97,"name":"Peridot Saber","note":"\n\n","params":[0,0,69,0,50,0,0,0],"price":23360,"wtypeId":1},
{"id":42,"animationId":6,"description":"Sword: ATK +74, MAT +54, ACC +12%. ","etypeId":1,"traits":[{"code":31,"dataId":1,"value":0},{"code":22,"dataId":0,"value":0.06}],"iconIndex":97,"name":"Aquamarine Saber","note":"\n\n","params":[0,0,74,0,54,0,0,0],"price":27020,"wtypeId":1},
{"id":43,"animationId":6,"description":"Sword: ATK +80, MAT +59, ACC +13%. ","etypeId":1,"traits":[{"code":31,"dataId":1,"value":0},{"code":22,"dataId":0,"value":0.07}],"iconIndex":97,"name":"Citrine Saber","note":"\n\n","params":[0,0,80,0,59,0,0,0],"price":31288,"wtypeId":1},
{"id":44,"animationId":6,"description":"Sword: ATK +85, MAT +63, ACC +14%. ","etypeId":1,"traits":[{"code":31,"dataId":1,"value":0},{"code":22,"dataId":0,"value":0.07}],"iconIndex":97,"name":"Garnet Saber","note":"\n\n","params":[0,0,85,0,63,0,0,0],"price":35475,"wtypeId":1},
{"id":45,"animationId":6,"description":"Sword: ATK +91, MAT +68, ACC +15%. ","etypeId":1,"traits":[{"code":31,"dataId":1,"value":0},{"code":22,"dataId":0,"value":0.08}],"iconIndex":97,"name":"Tourmaline Saber","note":"\n\n","params":[0,0,91,0,68,0,0,0],"price":40325,"wtypeId":1},
{"id":46,"animationId":6,"description":"Sword: ATK +96, MAT +72, ACC +16%. ","etypeId":1,"traits":[{"code":31,"dataId":1,"value":0},{"code":22,"dataId":0,"value":0.08}],"iconIndex":97,"name":"Emerald Saber","note":"\n\n","params":[0,0,96,0,72,0,0,0],"price":45040,"wtypeId":1},
{"id":47,"animationId":6,"description":"Sword: ATK +102, MAT +77, ACC +17%. ","etypeId":1,"traits":[{"code":31,"dataId":1,"value":0},{"code":22,"dataId":0,"value":0.09}],"iconIndex":97,"name":"Sapphire Saber","note":"\n\n","params":[0,0,102,0,77,0,0,0],"price":50473,"wtypeId":1},
{"id":48,"animationId":6,"description":"Sword: ATK +107, MAT +81, ACC +18%. ","etypeId":1,"traits":[{"code":31,"dataId":1,"value":0},{"code":22,"dataId":0,"value":0.09}],"iconIndex":97,"name":"Ruby Saber","note":"\n\n","params":[0,0,107,0,81,0,0,0],"price":55715,"wtypeId":1},
{"id":49,"animationId":6,"description":"Sword: ATK +113, MAT +86, ACC +19%. ","etypeId":1,"traits":[{"code":31,"dataId":1,"value":0},{"code":22,"dataId":0,"value":0.1}],"iconIndex":97,"name":"Diamond Saber","note":"\n\n","params":[0,0,113,0,86,0,0,0],"price":61730,"wtypeId":1},
{"id":50,"animationId":6,"description":"Sword: ATK +118, MAT +90, ACC +20%. ","etypeId":1,"traits":[{"code":31,"dataId":1,"value":0},{"code":22,"dataId":0,"value":0.1}],"iconIndex":97,"name":"Aetherlite Saber","note":"\n\n","params":[0,0,118,0,90,0,0,0],"price":67500,"wtypeId":1},
{"id":51,"animationId":0,"description":"","etypeId":1,"traits":[{"code":31,"dataId":1,"value":0},{"code":22,"dataId":0,"value":0}],"iconIndex":0,"name":"","note":"","params":[0,0,0,0,0,0,0,0],"price":0,"wtypeId":0},
{"id":52,"animationId":0,"description":"","etypeId":1,"traits":[{"code":31,"dataId":1,"value":0},{"code":22,"dataId":0,"value":0}],"iconIndex":0,"name":"<Spears> ATK + DEF","note":"","params":[0,0,0,0,0,0,0,0],"price":0,"wtypeId":0},
{"id":53,"animationId":11,"description":"Spear: ATK +13, DEF +5, ACC +1%. ","etypeId":1,"traits":[{"code":31,"dataId":2,"value":0},{"code":22,"dataId":0,"value":0.01}],"iconIndex":107,"name":"Metal Spear","note":"\n\n","params":[0,0,13,5,0,0,0,0],"price":320,"wtypeId":2},
{"id":54,"animationId":11,"description":"Spear: ATK +19, DEF +9, ACC +1%. ","etypeId":1,"traits":[{"code":31,"dataId":2,"value":0},{"code":22,"dataId":0,"value":0.01}],"iconIndex":107,"name":"Copper Spear","note":"\n\n","params":[0,0,19,9,0,0,0,0],"price":1260,"wtypeId":2},
{"id":55,"animationId":11,"description":"Spear: ATK +26, DEF +12, ACC +1%. ","etypeId":1,"traits":[{"code":31,"dataId":2,"value":0},{"code":22,"dataId":0,"value":0.01}],"iconIndex":107,"name":"Brass Spear","note":"\n\n","params":[0,0,26,12,0,0,0,0],"price":2450,"wtypeId":2},
{"id":56,"animationId":11,"description":"Spear: ATK +32, DEF +16, ACC +2%. ","etypeId":1,"traits":[{"code":31,"dataId":2,"value":0},{"code":22,"dataId":0,"value":0.02}],"iconIndex":107,"name":"Tin Spear","note":"\n\n","params":[0,0,32,16,0,0,0,0],"price":3840,"wtypeId":2},
{"id":57,"animationId":11,"description":"Spear: ATK +39, DEF +19, ACC +3%. ","etypeId":1,"traits":[{"code":31,"dataId":2,"value":0},{"code":22,"dataId":0,"value":0.03}],"iconIndex":107,"name":"Bronze Spear","note":"\n\n","params":[0,0,39,19,0,0,0,0],"price":5500,"wtypeId":2},
{"id":58,"animationId":11,"description":"Spear: ATK +46, DEF +22, ACC +3%. ","etypeId":1,"traits":[{"code":31,"dataId":2,"value":0},{"code":22,"dataId":0,"value":0.03}],"iconIndex":107,"name":"Nickle Spear","note":"\n\n","params":[0,0,46,22,0,0,0,0],"price":7400,"wtypeId":2},
{"id":59,"animationId":11,"description":"Spear: ATK +52, DEF +26, ACC +4%. ","etypeId":1,"traits":[{"code":31,"dataId":2,"value":0},{"code":22,"dataId":0,"value":0.04}],"iconIndex":107,"name":"Silver Spear","note":"\n\n","params":[0,0,52,26,0,0,0,0],"price":9470,"wtypeId":2},
{"id":60,"animationId":11,"description":"Spear: ATK +59, DEF +29, ACC +4%. ","etypeId":1,"traits":[{"code":31,"dataId":2,"value":0},{"code":22,"dataId":0,"value":0.04}],"iconIndex":107,"name":"Iron Spear","note":"\n\n","params":[0,0,59,29,0,0,0,0],"price":11840,"wtypeId":2},
{"id":61,"animationId":11,"description":"Spear: ATK +65, DEF +33, ACC +4%. ","etypeId":1,"traits":[{"code":31,"dataId":2,"value":0},{"code":22,"dataId":0,"value":0.04}],"iconIndex":107,"name":"Gold Spear","note":"\n\n","params":[0,0,65,33,0,0,0,0],"price":14360,"wtypeId":2},
{"id":62,"animationId":11,"description":"Spear: ATK +72, DEF +36, ACC +5%. ","etypeId":1,"traits":[{"code":31,"dataId":2,"value":0},{"code":22,"dataId":0,"value":0.05}],"iconIndex":107,"name":"Steel Spear","note":"\n\n","params":[0,0,72,36,0,0,0,0],"price":17200,"wtypeId":2},
{"id":63,"animationId":11,"description":"Spear: ATK +79, DEF +39, ACC +6%. ","etypeId":1,"traits":[{"code":31,"dataId":2,"value":0},{"code":22,"dataId":0,"value":0.06}],"iconIndex":107,"name":"Thorium Spear","note":"\n\n","params":[0,0,79,39,0,0,0,0],"price":20280,"wtypeId":2},
{"id":64,"animationId":11,"description":"Spear: ATK +85, DEF +43, ACC +6%. ","etypeId":1,"traits":[{"code":31,"dataId":2,"value":0},{"code":22,"dataId":0,"value":0.06}],"iconIndex":107,"name":"Platinum Spear","note":"\n\n","params":[0,0,85,43,0,0,0,0],"price":23480,"wtypeId":2},
{"id":65,"animationId":11,"description":"Spear: ATK +92, DEF +46, ACC +7%. ","etypeId":1,"traits":[{"code":31,"dataId":2,"value":0},{"code":22,"dataId":0,"value":0.07}],"iconIndex":107,"name":"Titanium Spear","note":"\n\n","params":[0,0,92,46,0,0,0,0],"price":27030,"wtypeId":2},
{"id":66,"animationId":11,"description":"Spear: ATK +98, DEF +50, ACC +7%. ","etypeId":1,"traits":[{"code":31,"dataId":2,"value":0},{"code":22,"dataId":0,"value":0.07}],"iconIndex":107,"name":"Truesilver Spear","note":"\n\n","params":[0,0,98,50,0,0,0,0],"price":30680,"wtypeId":2},
{"id":67,"animationId":11,"description":"Spear: ATK +105, DEF +53, ACC +7%. ","etypeId":1,"traits":[{"code":31,"dataId":2,"value":0},{"code":22,"dataId":0,"value":0.07}],"iconIndex":107,"name":"Truegold Spear","note":"\n\n","params":[0,0,105,53,0,0,0,0],"price":34700,"wtypeId":2},
{"id":68,"animationId":11,"description":"Spear: ATK +112, DEF +56, ACC +8%. ","etypeId":1,"traits":[{"code":31,"dataId":2,"value":0},{"code":22,"dataId":0,"value":0.08}],"iconIndex":107,"name":"Orichalcum Spear","note":"\n\n","params":[0,0,112,56,0,0,0,0],"price":38960,"wtypeId":2},
{"id":69,"animationId":11,"description":"Spear: ATK +118, DEF +60, ACC +9%. ","etypeId":1,"traits":[{"code":31,"dataId":2,"value":0},{"code":22,"dataId":0,"value":0.09}],"iconIndex":107,"name":"Trueplatinum Spear","note":"\n\n","params":[0,0,118,60,0,0,0,0],"price":43290,"wtypeId":2},
{"id":70,"animationId":11,"description":"Spear: ATK +125, DEF +63, ACC +9%. ","etypeId":1,"traits":[{"code":31,"dataId":2,"value":0},{"code":22,"dataId":0,"value":0.09}],"iconIndex":107,"name":"Obsidium Spear","note":"\n\n","params":[0,0,125,63,0,0,0,0],"price":48020,"wtypeId":2},
{"id":71,"animationId":11,"description":"Spear: ATK +131, DEF +67, ACC +10%. ","etypeId":1,"traits":[{"code":31,"dataId":2,"value":0},{"code":22,"dataId":0,"value":0.1}],"iconIndex":107,"name":"Eternium Spear","note":"\n\n","params":[0,0,131,67,0,0,0,0],"price":52800,"wtypeId":2},
{"id":72,"animationId":11,"description":"Spear: ATK +138, DEF +70, ACC +10%. ","etypeId":1,"traits":[{"code":31,"dataId":2,"value":0},{"code":22,"dataId":0,"value":0.1}],"iconIndex":107,"name":"Aetherium Spear","note":"\n\n","params":[0,0,138,70,0,0,0,0],"price":58000,"wtypeId":2},
{"id":73,"animationId":0,"description":"","etypeId":1,"traits":[{"code":31,"dataId":1,"value":0},{"code":22,"dataId":0,"value":0}],"iconIndex":0,"name":"","note":"","params":[0,0,0,0,0,0,0,0],"price":0,"wtypeId":0},
{"id":74,"animationId":0,"description":"","etypeId":1,"traits":[{"code":31,"dataId":1,"value":0},{"code":22,"dataId":0,"value":0}],"iconIndex":0,"name":"<Spears> ATK + MAT","note":"","params":[0,0,0,0,0,0,0,0],"price":0,"wtypeId":0},
{"id":75,"animationId":11,"description":"Spear: ATK +9, MAT +9, ACC +1%. ","etypeId":1,"traits":[{"code":31,"dataId":2,"value":0},{"code":22,"dataId":0,"value":0.01}],"iconIndex":107,"name":"Wooden Glaive","note":"\n\n","params":[0,0,9,0,9,0,0,0],"price":348,"wtypeId":2},
{"id":76,"animationId":11,"description":"Spear: ATK +13, MAT +15, ACC +1%. ","etypeId":1,"traits":[{"code":31,"dataId":2,"value":0},{"code":22,"dataId":0,"value":0.01}],"iconIndex":107,"name":"Carved Glaive","note":"\n\n","params":[0,0,13,0,15,0,0,0],"price":1365,"wtypeId":2},
{"id":77,"animationId":11,"description":"Spear: ATK +18, MAT +20, ACC +1%. ","etypeId":1,"traits":[{"code":31,"dataId":2,"value":0},{"code":22,"dataId":0,"value":0.01}],"iconIndex":107,"name":"Aspen Glaive","note":"\n\n","params":[0,0,18,0,20,0,0,0],"price":2660,"wtypeId":2},
{"id":78,"animationId":11,"description":"Spear: ATK +22, MAT +26, ACC +2%. ","etypeId":1,"traits":[{"code":31,"dataId":2,"value":0},{"code":22,"dataId":0,"value":0.02}],"iconIndex":107,"name":"Hickory Glaive","note":"\n\n","params":[0,0,22,0,26,0,0,0],"price":4220,"wtypeId":2},
{"id":79,"animationId":11,"description":"Spear: ATK +27, MAT +31, ACC +3%. ","etypeId":1,"traits":[{"code":31,"dataId":2,"value":0},{"code":22,"dataId":0,"value":0.03}],"iconIndex":107,"name":"Oak Glaive","note":"\n\n","params":[0,0,27,0,31,0,0,0],"price":6063,"wtypeId":2},
{"id":80,"animationId":11,"description":"Spear: ATK +32, MAT +36, ACC +3%. ","etypeId":1,"traits":[{"code":31,"dataId":2,"value":0},{"code":22,"dataId":0,"value":0.03}],"iconIndex":107,"name":"Mahogany Glaive","note":"\n\n","params":[0,0,32,0,36,0,0,0],"price":8180,"wtypeId":2},
{"id":81,"animationId":11,"description":"Spear: ATK +36, MAT +42, ACC +4%. ","etypeId":1,"traits":[{"code":31,"dataId":2,"value":0},{"code":22,"dataId":0,"value":0.04}],"iconIndex":107,"name":"Bubinga Glaive","note":"\n\n","params":[0,0,36,0,42,0,0,0],"price":10555,"wtypeId":2},
{"id":82,"animationId":11,"description":"Spear: ATK +41, MAT +47, ACC +4%. ","etypeId":1,"traits":[{"code":31,"dataId":2,"value":0},{"code":22,"dataId":0,"value":0.04}],"iconIndex":107,"name":"Olivewood Glaive","note":"\n\n","params":[0,0,41,0,47,0,0,0],"price":13220,"wtypeId":2},
{"id":83,"animationId":11,"description":"Spear: ATK +45, MAT +53, ACC +4%. ","etypeId":1,"traits":[{"code":31,"dataId":2,"value":0},{"code":22,"dataId":0,"value":0.04}],"iconIndex":107,"name":"Ebony Glaive","note":"\n\n","params":[0,0,45,0,53,0,0,0],"price":16138,"wtypeId":2},
{"id":84,"animationId":11,"description":"Spear: ATK +50, MAT +58, ACC +5%. ","etypeId":1,"traits":[{"code":31,"dataId":2,"value":0},{"code":22,"dataId":0,"value":0.05}],"iconIndex":107,"name":"Rroamal Glaive","note":"\n\n","params":[0,0,50,0,58,0,0,0],"price":19350,"wtypeId":2},
{"id":85,"animationId":11,"description":"Spear: ATK +55, MAT +63, ACC +6%. ","etypeId":1,"traits":[{"code":31,"dataId":2,"value":0},{"code":22,"dataId":0,"value":0.06}],"iconIndex":107,"name":"Hybernia Glaive","note":"\n\n","params":[0,0,55,0,63,0,0,0],"price":22838,"wtypeId":2},
{"id":86,"animationId":11,"description":"Spear: ATK +59, MAT +69, ACC +6%. ","etypeId":1,"traits":[{"code":31,"dataId":2,"value":0},{"code":22,"dataId":0,"value":0.06}],"iconIndex":107,"name":"Biollante Glaive","note":"\n\n","params":[0,0,59,0,69,0,0,0],"price":26570,"wtypeId":2},
{"id":87,"animationId":11,"description":"Spear: ATK +64, MAT +74, ACC +7%. ","etypeId":1,"traits":[{"code":31,"dataId":2,"value":0},{"code":22,"dataId":0,"value":0.07}],"iconIndex":107,"name":"Sapient Glaive","note":"\n\n","params":[0,0,64,0,74,0,0,0],"price":30605,"wtypeId":2},
{"id":88,"animationId":11,"description":"Spear: ATK +68, MAT +80, ACC +7%. ","etypeId":1,"traits":[{"code":31,"dataId":2,"value":0},{"code":22,"dataId":0,"value":0.07}],"iconIndex":107,"name":"Nornroot Glaive","note":"\n\n","params":[0,0,68,0,80,0,0,0],"price":34880,"wtypeId":2},
{"id":89,"animationId":11,"description":"Spear: ATK +73, MAT +85, ACC +7%. ","etypeId":1,"traits":[{"code":31,"dataId":2,"value":0},{"code":22,"dataId":0,"value":0.07}],"iconIndex":107,"name":"Juran Glaive","note":"\n\n","params":[0,0,73,0,85,0,0,0],"price":39463,"wtypeId":2},
{"id":90,"animationId":11,"description":"Spear: ATK +78, MAT +90, ACC +8%. ","etypeId":1,"traits":[{"code":31,"dataId":2,"value":0},{"code":22,"dataId":0,"value":0.08}],"iconIndex":107,"name":"Tellurian Glaive","note":"\n\n","params":[0,0,78,0,90,0,0,0],"price":44320,"wtypeId":2},
{"id":91,"animationId":11,"description":"Spear: ATK +82, MAT +96, ACC +9%. ","etypeId":1,"traits":[{"code":31,"dataId":2,"value":0},{"code":22,"dataId":0,"value":0.09}],"iconIndex":107,"name":"Hellroot Glaive","note":"\n\n","params":[0,0,82,0,96,0,0,0],"price":49410,"wtypeId":2},
{"id":92,"animationId":11,"description":"Spear: ATK +87, MAT +101, ACC +9%. ","etypeId":1,"traits":[{"code":31,"dataId":2,"value":0},{"code":22,"dataId":0,"value":0.09}],"iconIndex":107,"name":"Genesis Glaive","note":"\n\n","params":[0,0,87,0,101,0,0,0],"price":54815,"wtypeId":2},
{"id":93,"animationId":11,"description":"Spear: ATK +91, MAT +107, ACC +10%. ","etypeId":1,"traits":[{"code":31,"dataId":2,"value":0},{"code":22,"dataId":0,"value":0.1}],"iconIndex":107,"name":"Yggdrasil Glaive","note":"\n\n","params":[0,0,91,0,107,0,0,0],"price":60448,"wtypeId":2},
{"id":94,"animationId":11,"description":"Spear: ATK +96, MAT +112, ACC +10%. ","etypeId":1,"traits":[{"code":31,"dataId":2,"value":0},{"code":22,"dataId":0,"value":0.1}],"iconIndex":107,"name":"Aetheroot Glaive","note":"\n\n","params":[0,0,96,0,112,0,0,0],"price":66400,"wtypeId":2},
{"id":95,"animationId":0,"description":"","etypeId":1,"traits":[{"code":31,"dataId":1,"value":0},{"code":22,"dataId":0,"value":0}],"iconIndex":0,"name":"","note":"","params":[0,0,0,0,0,0,0,0],"price":0,"wtypeId":0},
{"id":96,"animationId":0,"description":"","etypeId":1,"traits":[{"code":31,"dataId":1,"value":0},{"code":22,"dataId":0,"value":0}],"iconIndex":0,"name":"<Daggers> ATK + AGI","note":"","params":[0,0,0,0,0,0,0,0],"price":0,"wtypeId":0},
{"id":97,"animationId":6,"description":"Dagger: ATK +11, AGI +3, LUK +4, ACC +1%. ","etypeId":1,"traits":[{"code":31,"dataId":3,"value":0},{"code":22,"dataId":0,"value":0.01}],"iconIndex":96,"name":"Sharp Dagger","note":"\n\n","params":[0,0,11,0,0,0,3,4],"price":355,"wtypeId":3},
{"id":98,"animationId":6,"description":"Dagger: ATK +17, AGI +6, LUK +5, ACC +1%. ","etypeId":1,"traits":[{"code":31,"dataId":3,"value":0},{"code":22,"dataId":0,"value":0.01}],"iconIndex":96,"name":"Beak Dagger","note":"\n\n","params":[0,0,17,0,0,0,6,5],"price":1380,"wtypeId":3},
{"id":99,"animationId":6,"description":"Dagger: ATK +23, AGI +9, LUK +6, ACC +2%. ","etypeId":1,"traits":[{"code":31,"dataId":3,"value":0},{"code":22,"dataId":0,"value":0.02}],"iconIndex":96,"name":"Nail Dagger","note":"\n\n","params":[0,0,23,0,0,0,9,6],"price":2675,"wtypeId":3},
{"id":100,"animationId":6,"description":"Dagger: ATK +29, AGI +12, LUK +7, ACC +2%. ","etypeId":1,"traits":[{"code":31,"dataId":3,"value":0},{"code":22,"dataId":0,"value":0.02}],"iconIndex":96,"name":"Hook Dagger","note":"\n\n","params":[0,0,29,0,0,0,12,7],"price":4240,"wtypeId":3},
{"id":101,"animationId":6,"description":"Dagger: ATK +35, AGI +15, LUK +8, ACC +3%. ","etypeId":1,"traits":[{"code":31,"dataId":3,"value":0},{"code":22,"dataId":0,"value":0.03}],"iconIndex":96,"name":"Tooth Dagger","note":"\n\n","params":[0,0,35,0,0,0,15,8],"price":6075,"wtypeId":3},
{"id":102,"animationId":6,"description":"Dagger: ATK +41, AGI +18, LUK +9, ACC +3%. ","etypeId":1,"traits":[{"code":31,"dataId":3,"value":0},{"code":22,"dataId":0,"value":0.03}],"iconIndex":96,"name":"Fang Dagger","note":"\n\n","params":[0,0,41,0,0,0,18,9],"price":8180,"wtypeId":3},
{"id":103,"animationId":6,"description":"Dagger: ATK +47, AGI +21, LUK +10, ACC +4%. ","etypeId":1,"traits":[{"code":31,"dataId":3,"value":0},{"code":22,"dataId":0,"value":0.04}],"iconIndex":96,"name":"Horn Dagger","note":"\n\n","params":[0,0,47,0,0,0,21,10],"price":10555,"wtypeId":3},
{"id":104,"animationId":6,"description":"Dagger: ATK +53, AGI +24, LUK +11, ACC +4%. ","etypeId":1,"traits":[{"code":31,"dataId":3,"value":0},{"code":22,"dataId":0,"value":0.04}],"iconIndex":96,"name":"Tusk Dagger","note":"\n\n","params":[0,0,53,0,0,0,24,11],"price":13200,"wtypeId":3},
{"id":105,"animationId":6,"description":"Dagger: ATK +59, AGI +27, LUK +12, ACC +5%. ","etypeId":1,"traits":[{"code":31,"dataId":3,"value":0},{"code":22,"dataId":0,"value":0.05}],"iconIndex":96,"name":"Tove Dagger","note":"\n\n","params":[0,0,59,0,0,0,27,12],"price":16115,"wtypeId":3},
{"id":106,"animationId":6,"description":"Dagger: ATK +65, AGI +30, LUK +13, ACC +5%. ","etypeId":1,"traits":[{"code":31,"dataId":3,"value":0},{"code":22,"dataId":0,"value":0.05}],"iconIndex":96,"name":"HarpyBeak Dagger","note":"\n\n","params":[0,0,65,0,0,0,30,13],"price":19300,"wtypeId":3},
{"id":107,"animationId":6,"description":"Dagger: ATK +71, AGI +33, LUK +14, ACC +6%. ","etypeId":1,"traits":[{"code":31,"dataId":3,"value":0},{"code":22,"dataId":0,"value":0.06}],"iconIndex":96,"name":"DrakeNail Dagger","note":"\n\n","params":[0,0,71,0,0,0,33,14],"price":22755,"wtypeId":3},
{"id":108,"animationId":6,"description":"Dagger: ATK +77, AGI +36, LUK +15, ACC +6%. ","etypeId":1,"traits":[{"code":31,"dataId":3,"value":0},{"code":22,"dataId":0,"value":0.06}],"iconIndex":96,"name":"HydraHook Dagger","note":"\n\n","params":[0,0,77,0,0,0,36,15],"price":26480,"wtypeId":3},
{"id":109,"animationId":6,"description":"Dagger: ATK +83, AGI +39, LUK +16, ACC +7%. ","etypeId":1,"traits":[{"code":31,"dataId":3,"value":0},{"code":22,"dataId":0,"value":0.07}],"iconIndex":96,"name":"BasiliskTooth Dagger","note":"\n\n","params":[0,0,83,0,0,0,39,16],"price":30475,"wtypeId":3},
{"id":110,"animationId":6,"description":"Dagger: ATK +89, AGI +42, LUK +17, ACC +7%. ","etypeId":1,"traits":[{"code":31,"dataId":3,"value":0},{"code":22,"dataId":0,"value":0.07}],"iconIndex":96,"name":"SobekFang Dagger","note":"\n\n","params":[0,0,89,0,0,0,42,17],"price":34740,"wtypeId":3},
{"id":111,"animationId":6,"description":"Dagger: ATK +95, AGI +45, LUK +18, ACC +8%. ","etypeId":1,"traits":[{"code":31,"dataId":3,"value":0},{"code":22,"dataId":0,"value":0.08}],"iconIndex":96,"name":"WyvernHorn Dagger","note":"\n\n","params":[0,0,95,0,0,0,45,18],"price":39275,"wtypeId":3},
{"id":112,"animationId":6,"description":"Dagger: ATK +101, AGI +48, LUK +19, ACC +8%. ","etypeId":1,"traits":[{"code":31,"dataId":3,"value":0},{"code":22,"dataId":0,"value":0.08}],"iconIndex":96,"name":"GorgonTusk Dagger","note":"\n\n","params":[0,0,101,0,0,0,48,19],"price":44080,"wtypeId":3},
{"id":113,"animationId":6,"description":"Dagger: ATK +107, AGI +51, LUK +20, ACC +9%. ","etypeId":1,"traits":[{"code":31,"dataId":3,"value":0},{"code":22,"dataId":0,"value":0.09}],"iconIndex":96,"name":"JabberTove Dagger","note":"\n\n","params":[0,0,107,0,0,0,51,20],"price":49155,"wtypeId":3},
{"id":114,"animationId":6,"description":"Dagger: ATK +113, AGI +54, LUK +21, ACC +9%. ","etypeId":1,"traits":[{"code":31,"dataId":3,"value":0},{"code":22,"dataId":0,"value":0.09}],"iconIndex":96,"name":"PhoenixTalon Dagger","note":"\n\n","params":[0,0,113,0,0,0,54,21],"price":54500,"wtypeId":3},
{"id":115,"animationId":6,"description":"Dagger: ATK +119, AGI +57, LUK +22, ACC +10%. ","etypeId":1,"traits":[{"code":31,"dataId":3,"value":0},{"code":22,"dataId":0,"value":0.1}],"iconIndex":96,"name":"DragonTongue Dagger","note":"\n\n","params":[0,0,119,0,0,0,57,22],"price":60115,"wtypeId":3},
{"id":116,"animationId":6,"description":"Dagger: ATK +125, AGI +60, LUK +23, ACC +10%. ","etypeId":1,"traits":[{"code":31,"dataId":3,"value":0},{"code":22,"dataId":0,"value":0.1}],"iconIndex":96,"name":"Aetherbeast Dagger","note":"\n\n","params":[0,0,125,0,0,0,60,23],"price":66000,"wtypeId":3},
{"id":117,"animationId":0,"description":"","etypeId":1,"traits":[{"code":31,"dataId":1,"value":0},{"code":22,"dataId":0,"value":0}],"iconIndex":0,"name":"","note":"","params":[0,0,0,0,0,0,0,0],"price":0,"wtypeId":0},
{"id":118,"animationId":0,"description":"","etypeId":1,"traits":[{"code":31,"dataId":1,"value":0},{"code":22,"dataId":0,"value":0}],"iconIndex":0,"name":"<Daggers> ATK + AGI + MAT","note":"","params":[0,0,0,0,0,0,0,0],"price":0,"wtypeId":0},
{"id":119,"animationId":6,"description":"Dagger: ATK +11, MAT +6, AGI +2, ACC +1%. ","etypeId":1,"traits":[{"code":31,"dataId":3,"value":0},{"code":22,"dataId":0,"value":0.01}],"iconIndex":96,"name":"Crystal Dirk","note":"\n\n","params":[0,0,11,0,6,0,2,0],"price":360,"wtypeId":3},
{"id":120,"animationId":6,"description":"Dagger: ATK +15, MAT +9, AGI +4, ACC +1%. ","etypeId":1,"traits":[{"code":31,"dataId":3,"value":0},{"code":22,"dataId":0,"value":0.01}],"iconIndex":96,"name":"Quartz Dirk","note":"\n\n","params":[0,0,15,0,9,0,4,0],"price":1355,"wtypeId":3},
{"id":121,"animationId":6,"description":"Dagger: ATK +20, MAT +13, AGI +6, ACC +2%. ","etypeId":1,"traits":[{"code":31,"dataId":3,"value":0},{"code":22,"dataId":0,"value":0.02}],"iconIndex":96,"name":"Topaz Dirk","note":"\n\n","params":[0,0,20,0,13,0,6,0],"price":2668,"wtypeId":3},
{"id":122,"animationId":6,"description":"Dagger: ATK +24, MAT +16, AGI +8, ACC +2%. ","etypeId":1,"traits":[{"code":31,"dataId":3,"value":0},{"code":22,"dataId":0,"value":0.02}],"iconIndex":96,"name":"Jade Dirk","note":"\n\n","params":[0,0,24,0,16,0,8,0],"price":4160,"wtypeId":3},
{"id":123,"animationId":6,"description":"Dagger: ATK +29, MAT +20, AGI +10, ACC +3%. ","etypeId":1,"traits":[{"code":31,"dataId":3,"value":0},{"code":22,"dataId":0,"value":0.03}],"iconIndex":96,"name":"Amethyst Dirk","note":"\n\n","params":[0,0,29,0,20,0,10,0],"price":6025,"wtypeId":3},
{"id":124,"animationId":6,"description":"Dagger: ATK +33, MAT +23, AGI +12, ACC +3%. ","etypeId":1,"traits":[{"code":31,"dataId":3,"value":0},{"code":22,"dataId":0,"value":0.03}],"iconIndex":96,"name":"Malachite Dirk","note":"\n\n","params":[0,0,33,0,23,0,12,0],"price":8015,"wtypeId":3},
{"id":125,"animationId":6,"description":"Dagger: ATK +38, MAT +27, AGI +14, ACC +4%. ","etypeId":1,"traits":[{"code":31,"dataId":3,"value":0},{"code":22,"dataId":0,"value":0.04}],"iconIndex":96,"name":"Opal Dirk","note":"\n\n","params":[0,0,38,0,27,0,14,0],"price":10433,"wtypeId":3},
{"id":126,"animationId":6,"description":"Dagger: ATK +42, MAT +30, AGI +16, ACC +4%. ","etypeId":1,"traits":[{"code":31,"dataId":3,"value":0},{"code":22,"dataId":0,"value":0.04}],"iconIndex":96,"name":"Lapis Dirk","note":"\n\n","params":[0,0,42,0,30,0,16,0],"price":12920,"wtypeId":3},
{"id":127,"animationId":6,"description":"Dagger: ATK +47, MAT +34, AGI +18, ACC +5%. ","etypeId":1,"traits":[{"code":31,"dataId":3,"value":0},{"code":22,"dataId":0,"value":0.05}],"iconIndex":96,"name":"Onyx Dirk","note":"\n\n","params":[0,0,47,0,34,0,18,0],"price":15890,"wtypeId":3},
{"id":128,"animationId":6,"description":"Dagger: ATK +51, MAT +37, AGI +20, ACC +5%. ","etypeId":1,"traits":[{"code":31,"dataId":3,"value":0},{"code":22,"dataId":0,"value":0.05}],"iconIndex":96,"name":"Moonstone Dirk","note":"\n\n","params":[0,0,51,0,37,0,20,0],"price":18875,"wtypeId":3},
{"id":129,"animationId":6,"description":"Dagger: ATK +56, MAT +41, AGI +22, ACC +6%. ","etypeId":1,"traits":[{"code":31,"dataId":3,"value":0},{"code":22,"dataId":0,"value":0.06}],"iconIndex":96,"name":"Peridot Dirk","note":"\n\n","params":[0,0,56,0,41,0,22,0],"price":22398,"wtypeId":3},
{"id":130,"animationId":6,"description":"Dagger: ATK +60, MAT +44, AGI +24, ACC +6%. ","etypeId":1,"traits":[{"code":31,"dataId":3,"value":0},{"code":22,"dataId":0,"value":0.06}],"iconIndex":96,"name":"Aquamarine Dirk","note":"\n\n","params":[0,0,60,0,44,0,24,0],"price":25880,"wtypeId":3},
{"id":131,"animationId":6,"description":"Dagger: ATK +65, MAT +48, AGI +26, ACC +7%. ","etypeId":1,"traits":[{"code":31,"dataId":3,"value":0},{"code":22,"dataId":0,"value":0.07}],"iconIndex":96,"name":"Citrine Dirk","note":"\n\n","params":[0,0,65,0,48,0,26,0],"price":29955,"wtypeId":3},
{"id":132,"animationId":6,"description":"Dagger: ATK +69, MAT +51, AGI +28, ACC +7%. ","etypeId":1,"traits":[{"code":31,"dataId":3,"value":0},{"code":22,"dataId":0,"value":0.07}],"iconIndex":96,"name":"Garnet Dirk","note":"\n\n","params":[0,0,69,0,51,0,28,0],"price":33935,"wtypeId":3},
{"id":133,"animationId":6,"description":"Dagger: ATK +74, MAT +55, AGI +30, ACC +8%. ","etypeId":1,"traits":[{"code":31,"dataId":3,"value":0},{"code":22,"dataId":0,"value":0.08}],"iconIndex":96,"name":"Tourmaline Dirk","note":"\n\n","params":[0,0,74,0,55,0,30,0],"price":38563,"wtypeId":3},
{"id":134,"animationId":6,"description":"Dagger: ATK +78, MAT +58, AGI +32, ACC +8%. ","etypeId":1,"traits":[{"code":31,"dataId":3,"value":0},{"code":22,"dataId":0,"value":0.08}],"iconIndex":96,"name":"Emerald Dirk","note":"\n\n","params":[0,0,78,0,58,0,32,0],"price":43040,"wtypeId":3},
{"id":135,"animationId":6,"description":"Dagger: ATK +83, MAT +62, AGI +34, ACC +9%. ","etypeId":1,"traits":[{"code":31,"dataId":3,"value":0},{"code":22,"dataId":0,"value":0.09}],"iconIndex":96,"name":"Sapphire Dirk","note":"\n\n","params":[0,0,83,0,62,0,34,0],"price":48220,"wtypeId":3},
{"id":136,"animationId":6,"description":"Dagger: ATK +87, MAT +65, AGI +36, ACC +9%. ","etypeId":1,"traits":[{"code":31,"dataId":3,"value":0},{"code":22,"dataId":0,"value":0.09}],"iconIndex":96,"name":"Ruby Dirk","note":"\n\n","params":[0,0,87,0,65,0,36,0],"price":53195,"wtypeId":3},
{"id":137,"animationId":6,"description":"Dagger: ATK +92, MAT +69, AGI +38, ACC +10%. ","etypeId":1,"traits":[{"code":31,"dataId":3,"value":0},{"code":22,"dataId":0,"value":0.1}],"iconIndex":96,"name":"Diamond Dirk","note":"\n\n","params":[0,0,92,0,69,0,38,0],"price":58928,"wtypeId":3},
{"id":138,"animationId":6,"description":"Dagger: ATK +96, MAT +72, AGI +40, ACC +10%. ","etypeId":1,"traits":[{"code":31,"dataId":3,"value":0},{"code":22,"dataId":0,"value":0.1}],"iconIndex":96,"name":"Aetherlite Dirk","note":"\n\n","params":[0,0,96,0,72,0,40,0],"price":64400,"wtypeId":3},
{"id":139,"animationId":0,"description":"","etypeId":1,"traits":[{"code":31,"dataId":1,"value":0},{"code":22,"dataId":0,"value":0}],"iconIndex":0,"name":"","note":"","params":[0,0,0,0,0,0,0,0],"price":0,"wtypeId":0},
{"id":140,"animationId":0,"description":"","etypeId":1,"traits":[{"code":31,"dataId":1,"value":0},{"code":22,"dataId":0,"value":0}],"iconIndex":0,"name":"<Axes> ATK + CRI","note":"","params":[0,0,0,0,0,0,0,0],"price":0,"wtypeId":0},
{"id":141,"animationId":6,"description":"Axe: ATK +18, CRI +1%. ","etypeId":1,"traits":[{"code":31,"dataId":4,"value":0},{"code":22,"dataId":2,"value":0.01}],"iconIndex":99,"name":"Metal Axe","note":"\n\n","params":[0,0,18,0,0,0,0,0],"price":370,"wtypeId":4},
{"id":142,"animationId":6,"description":"Axe: ATK +28, CRI +2%. ","etypeId":1,"traits":[{"code":31,"dataId":4,"value":0},{"code":22,"dataId":2,"value":0.02}],"iconIndex":99,"name":"Copper Axe","note":"\n\n","params":[0,0,28,0,0,0,0,0],"price":1440,"wtypeId":4},
{"id":143,"animationId":6,"description":"Axe: ATK +38, CRI +3%. ","etypeId":1,"traits":[{"code":31,"dataId":4,"value":0},{"code":22,"dataId":2,"value":0.03}],"iconIndex":99,"name":"Brass Axe","note":"\n\n","params":[0,0,38,0,0,0,0,0],"price":2810,"wtypeId":4},
{"id":144,"animationId":6,"description":"Axe: ATK +48, CRI +4%. ","etypeId":1,"traits":[{"code":31,"dataId":4,"value":0},{"code":22,"dataId":2,"value":0.04}],"iconIndex":99,"name":"Tin Axe","note":"\n\n","params":[0,0,48,0,0,0,0,0],"price":4480,"wtypeId":4},
{"id":145,"animationId":6,"description":"Axe: ATK +58, CRI +5%. ","etypeId":1,"traits":[{"code":31,"dataId":4,"value":0},{"code":22,"dataId":2,"value":0.05}],"iconIndex":99,"name":"Bronze Axe","note":"\n\n","params":[0,0,58,0,0,0,0,0],"price":6450,"wtypeId":4},
{"id":146,"animationId":6,"description":"Axe: ATK +68, CRI +6%. ","etypeId":1,"traits":[{"code":31,"dataId":4,"value":0},{"code":22,"dataId":2,"value":0.06}],"iconIndex":99,"name":"Nickle Axe","note":"\n\n","params":[0,0,68,0,0,0,0,0],"price":8720,"wtypeId":4},
{"id":147,"animationId":6,"description":"Axe: ATK +78, CRI +7%. ","etypeId":1,"traits":[{"code":31,"dataId":4,"value":0},{"code":22,"dataId":2,"value":0.07}],"iconIndex":99,"name":"Silver Axe","note":"\n\n","params":[0,0,78,0,0,0,0,0],"price":11290,"wtypeId":4},
{"id":148,"animationId":6,"description":"Axe: ATK +88, CRI +8%. ","etypeId":1,"traits":[{"code":31,"dataId":4,"value":0},{"code":22,"dataId":2,"value":0.08}],"iconIndex":99,"name":"Iron Axe","note":"\n\n","params":[0,0,88,0,0,0,0,0],"price":14160,"wtypeId":4},
{"id":149,"animationId":6,"description":"Axe: ATK +98, CRI +9%. ","etypeId":1,"traits":[{"code":31,"dataId":4,"value":0},{"code":22,"dataId":2,"value":0.09}],"iconIndex":99,"name":"Gold Axe","note":"\n\n","params":[0,0,98,0,0,0,0,0],"price":17330,"wtypeId":4},
{"id":150,"animationId":6,"description":"Axe: ATK +108, CRI +10%. ","etypeId":1,"traits":[{"code":31,"dataId":4,"value":0},{"code":22,"dataId":2,"value":0.1}],"iconIndex":99,"name":"Steel Axe","note":"\n\n","params":[0,0,108,0,0,0,0,0],"price":20800,"wtypeId":4},
{"id":151,"animationId":6,"description":"Axe: ATK +118, CRI +11%. ","etypeId":1,"traits":[{"code":31,"dataId":4,"value":0},{"code":22,"dataId":2,"value":0.11}],"iconIndex":99,"name":"Thorium Axe","note":"\n\n","params":[0,0,118,0,0,0,0,0],"price":24570,"wtypeId":4},
{"id":152,"animationId":6,"description":"Axe: ATK +128, CRI +12%. ","etypeId":1,"traits":[{"code":31,"dataId":4,"value":0},{"code":22,"dataId":2,"value":0.12}],"iconIndex":99,"name":"Platinum Axe","note":"\n\n","params":[0,0,128,0,0,0,0,0],"price":28640,"wtypeId":4},
{"id":153,"animationId":6,"description":"Axe: ATK +138, CRI +13%. ","etypeId":1,"traits":[{"code":31,"dataId":4,"value":0},{"code":22,"dataId":2,"value":0.13}],"iconIndex":99,"name":"Titanium Axe","note":"\n\n","params":[0,0,138,0,0,0,0,0],"price":33010,"wtypeId":4},
{"id":154,"animationId":6,"description":"Axe: ATK +148, CRI +14%. ","etypeId":1,"traits":[{"code":31,"dataId":4,"value":0},{"code":22,"dataId":2,"value":0.14}],"iconIndex":99,"name":"Truesilver Axe","note":"\n\n","params":[0,0,148,0,0,0,0,0],"price":37680,"wtypeId":4},
{"id":155,"animationId":6,"description":"Axe: ATK +158, CRI +15%. ","etypeId":1,"traits":[{"code":31,"dataId":4,"value":0},{"code":22,"dataId":2,"value":0.15}],"iconIndex":99,"name":"Truegold Axe","note":"\n\n","params":[0,0,158,0,0,0,0,0],"price":42650,"wtypeId":4},
{"id":156,"animationId":6,"description":"Axe: ATK +168, CRI +16%. ","etypeId":1,"traits":[{"code":31,"dataId":4,"value":0},{"code":22,"dataId":2,"value":0.16}],"iconIndex":99,"name":"Orichalcum Axe","note":"\n\n","params":[0,0,168,0,0,0,0,0],"price":47920,"wtypeId":4},
{"id":157,"animationId":6,"description":"Axe: ATK +178, CRI +17%. ","etypeId":1,"traits":[{"code":31,"dataId":4,"value":0},{"code":22,"dataId":2,"value":0.17}],"iconIndex":99,"name":"Trueplatinum Axe","note":"\n\n","params":[0,0,178,0,0,0,0,0],"price":53490,"wtypeId":4},
{"id":158,"animationId":6,"description":"Axe: ATK +188, CRI +18%. ","etypeId":1,"traits":[{"code":31,"dataId":4,"value":0},{"code":22,"dataId":2,"value":0.18}],"iconIndex":99,"name":"Obsidium Axe","note":"\n\n","params":[0,0,188,0,0,0,0,0],"price":59360,"wtypeId":4},
{"id":159,"animationId":6,"description":"Axe: ATK +198, CRI +19%. ","etypeId":1,"traits":[{"code":31,"dataId":4,"value":0},{"code":22,"dataId":2,"value":0.19}],"iconIndex":99,"name":"Eternium Axe","note":"\n\n","params":[0,0,198,0,0,0,0,0],"price":65530,"wtypeId":4},
{"id":160,"animationId":6,"description":"Axe: ATK +208, CRI +20%. ","etypeId":1,"traits":[{"code":31,"dataId":4,"value":0},{"code":22,"dataId":2,"value":0.2}],"iconIndex":99,"name":"Aetherium Axe","note":"\n\n","params":[0,0,208,0,0,0,0,0],"price":72000,"wtypeId":4},
{"id":161,"animationId":0,"description":"","etypeId":1,"traits":[{"code":31,"dataId":1,"value":0},{"code":22,"dataId":0,"value":0}],"iconIndex":0,"name":"","note":"","params":[0,0,0,0,0,0,0,0],"price":0,"wtypeId":0},
{"id":162,"animationId":0,"description":"","etypeId":1,"traits":[{"code":31,"dataId":1,"value":0},{"code":22,"dataId":0,"value":0}],"iconIndex":0,"name":"<Axes> ATK + MAT","note":"","params":[0,0,0,0,0,0,0,0],"price":0,"wtypeId":0},
{"id":163,"animationId":6,"description":"Axe: ATK +15, MAT +4, ACC +1%. ","etypeId":1,"traits":[{"code":31,"dataId":4,"value":0},{"code":22,"dataId":0,"value":0.01}],"iconIndex":99,"name":"Primotine Hachet","note":"\n\n","params":[0,0,15,0,4,0,0,0],"price":375,"wtypeId":4},
{"id":164,"animationId":6,"description":"Axe: ATK +22, MAT +6, ACC +1%. ","etypeId":1,"traits":[{"code":31,"dataId":4,"value":0},{"code":22,"dataId":0,"value":0.01}],"iconIndex":99,"name":"Duotine Hachet","note":"\n\n","params":[0,0,22,0,6,0,0,0],"price":1410,"wtypeId":4},
{"id":165,"animationId":6,"description":"Axe: ATK +30, MAT +9, ACC +2%. ","etypeId":1,"traits":[{"code":31,"dataId":4,"value":0},{"code":22,"dataId":0,"value":0.02}],"iconIndex":99,"name":"Triotine Hachet","note":"\n\n","params":[0,0,30,0,9,0,0,0],"price":2788,"wtypeId":4},
{"id":166,"animationId":6,"description":"Axe: ATK +37, MAT +11, ACC +2%. ","etypeId":1,"traits":[{"code":31,"dataId":4,"value":0},{"code":22,"dataId":0,"value":0.02}],"iconIndex":99,"name":"Quadratine Hachet","note":"\n\n","params":[0,0,37,0,11,0,0,0],"price":4370,"wtypeId":4},
{"id":167,"animationId":6,"description":"Axe: ATK +45, MAT +14, ACC +3%. ","etypeId":1,"traits":[{"code":31,"dataId":4,"value":0},{"code":22,"dataId":0,"value":0.03}],"iconIndex":99,"name":"Pentatine Hachet","note":"\n\n","params":[0,0,45,0,14,0,0,0],"price":6350,"wtypeId":4},
{"id":168,"animationId":6,"description":"Axe: ATK +52, MAT +16, ACC +3%. ","etypeId":1,"traits":[{"code":31,"dataId":4,"value":0},{"code":22,"dataId":0,"value":0.03}],"iconIndex":99,"name":"Hexatine Hachet","note":"\n\n","params":[0,0,52,0,16,0,0,0],"price":8480,"wtypeId":4},
{"id":169,"animationId":6,"description":"Axe: ATK +60, MAT +19, ACC +4%. ","etypeId":1,"traits":[{"code":31,"dataId":4,"value":0},{"code":22,"dataId":0,"value":0.04}],"iconIndex":99,"name":"Septilatine Hachet","note":"\n\n","params":[0,0,60,0,19,0,0,0],"price":11063,"wtypeId":4},
{"id":170,"animationId":6,"description":"Axe: ATK +67, MAT +21, ACC +4%. ","etypeId":1,"traits":[{"code":31,"dataId":4,"value":0},{"code":22,"dataId":0,"value":0.04}],"iconIndex":99,"name":"Octiritine Hachet","note":"\n\n","params":[0,0,67,0,21,0,0,0],"price":13740,"wtypeId":4},
{"id":171,"animationId":6,"description":"Axe: ATK +75, MAT +24, ACC +5%. ","etypeId":1,"traits":[{"code":31,"dataId":4,"value":0},{"code":22,"dataId":0,"value":0.05}],"iconIndex":99,"name":"Novatine Hachet","note":"\n\n","params":[0,0,75,0,24,0,0,0],"price":16925,"wtypeId":4},
{"id":172,"animationId":6,"description":"Axe: ATK +82, MAT +26, ACC +5%. ","etypeId":1,"traits":[{"code":31,"dataId":4,"value":0},{"code":22,"dataId":0,"value":0.05}],"iconIndex":99,"name":"Obsiditine Hachet","note":"\n\n","params":[0,0,82,0,26,0,0,0],"price":20150,"wtypeId":4},
{"id":173,"animationId":6,"description":"Axe: ATK +90, MAT +29, ACC +6%. ","etypeId":1,"traits":[{"code":31,"dataId":4,"value":0},{"code":22,"dataId":0,"value":0.06}],"iconIndex":99,"name":"Lunartine Hachet","note":"\n\n","params":[0,0,90,0,29,0,0,0],"price":23938,"wtypeId":4},
{"id":174,"animationId":6,"description":"Axe: ATK +97, MAT +31, ACC +6%. ","etypeId":1,"traits":[{"code":31,"dataId":4,"value":0},{"code":22,"dataId":0,"value":0.06}],"iconIndex":99,"name":"Mithriltine Hachet","note":"\n\n","params":[0,0,97,0,31,0,0,0],"price":27710,"wtypeId":4},
{"id":175,"animationId":6,"description":"Axe: ATK +105, MAT +34, ACC +7%. ","etypeId":1,"traits":[{"code":31,"dataId":4,"value":0},{"code":22,"dataId":0,"value":0.07}],"iconIndex":99,"name":"Solartine Hachet","note":"\n\n","params":[0,0,105,0,34,0,0,0],"price":32100,"wtypeId":4},
{"id":176,"animationId":6,"description":"Axe: ATK +112, MAT +36, ACC +7%. ","etypeId":1,"traits":[{"code":31,"dataId":4,"value":0},{"code":22,"dataId":0,"value":0.07}],"iconIndex":99,"name":"Orichaltine Hachet","note":"\n\n","params":[0,0,112,0,36,0,0,0],"price":36420,"wtypeId":4},
{"id":177,"animationId":6,"description":"Axe: ATK +120, MAT +39, ACC +8%. ","etypeId":1,"traits":[{"code":31,"dataId":4,"value":0},{"code":22,"dataId":0,"value":0.08}],"iconIndex":99,"name":"Adamantine Hachet","note":"\n\n","params":[0,0,120,0,39,0,0,0],"price":41413,"wtypeId":4},
{"id":178,"animationId":6,"description":"Axe: ATK +127, MAT +41, ACC +8%. ","etypeId":1,"traits":[{"code":31,"dataId":4,"value":0},{"code":22,"dataId":0,"value":0.08}],"iconIndex":99,"name":"Astraltine Hachet","note":"\n\n","params":[0,0,127,0,41,0,0,0],"price":46280,"wtypeId":4},
{"id":179,"animationId":6,"description":"Axe: ATK +135, MAT +44, ACC +9%. ","etypeId":1,"traits":[{"code":31,"dataId":4,"value":0},{"code":22,"dataId":0,"value":0.09}],"iconIndex":99,"name":"Nethertine Hachet","note":"\n\n","params":[0,0,135,0,44,0,0,0],"price":51875,"wtypeId":4},
{"id":180,"animationId":6,"description":"Axe: ATK +142, MAT +46, ACC +9%. ","etypeId":1,"traits":[{"code":31,"dataId":4,"value":0},{"code":22,"dataId":0,"value":0.09}],"iconIndex":99,"name":"Celestine Hachet","note":"\n\n","params":[0,0,142,0,46,0,0,0],"price":57290,"wtypeId":4},
{"id":181,"animationId":6,"description":"Axe: ATK +150, MAT +49, ACC +10%. ","etypeId":1,"traits":[{"code":31,"dataId":4,"value":0},{"code":22,"dataId":0,"value":0.1}],"iconIndex":99,"name":"Cosmotine Hachet","note":"\n\n","params":[0,0,150,0,49,0,0,0],"price":63488,"wtypeId":4},
{"id":182,"animationId":6,"description":"Axe: ATK +157, MAT +51, ACC +10%. ","etypeId":1,"traits":[{"code":31,"dataId":4,"value":0},{"code":22,"dataId":0,"value":0.1}],"iconIndex":99,"name":"Aethertine Hachet","note":"\n\n","params":[0,0,157,0,51,0,0,0],"price":69450,"wtypeId":4},
{"id":183,"animationId":0,"description":"","etypeId":1,"traits":[{"code":31,"dataId":1,"value":0},{"code":22,"dataId":0,"value":0}],"iconIndex":0,"name":"","note":"","params":[0,0,0,0,0,0,0,0],"price":0,"wtypeId":0},
{"id":184,"animationId":0,"description":"","etypeId":1,"traits":[{"code":31,"dataId":1,"value":0},{"code":22,"dataId":0,"value":0}],"iconIndex":0,"name":"<Bow> ATK + MDF","note":"","params":[0,0,0,0,0,0,0,0],"price":0,"wtypeId":0},
{"id":185,"animationId":6,"description":"Bow: ATK +13, MDF +5, ACC +1%. ","etypeId":1,"traits":[{"code":31,"dataId":5,"value":0},{"code":22,"dataId":0,"value":0.01}],"iconIndex":102,"name":"Sharp Bow","note":"\n\n","params":[0,0,13,0,0,5,0,0],"price":320,"wtypeId":5},
{"id":186,"animationId":6,"description":"Bow: ATK +19, MDF +9, ACC +2%. ","etypeId":1,"traits":[{"code":31,"dataId":5,"value":0},{"code":22,"dataId":0,"value":0.02}],"iconIndex":102,"name":"Beak Bow","note":"\n\n","params":[0,0,19,0,0,9,0,0],"price":1260,"wtypeId":5},
{"id":187,"animationId":6,"description":"Bow: ATK +26, MDF +12, ACC +3%. ","etypeId":1,"traits":[{"code":31,"dataId":5,"value":0},{"code":22,"dataId":0,"value":0.03}],"iconIndex":102,"name":"Nail Bow","note":"\n\n","params":[0,0,26,0,0,12,0,0],"price":2450,"wtypeId":5},
{"id":188,"animationId":6,"description":"Bow: ATK +33, MDF +15, ACC +4%. ","etypeId":1,"traits":[{"code":31,"dataId":5,"value":0},{"code":22,"dataId":0,"value":0.04}],"iconIndex":102,"name":"Hook Bow","note":"\n\n","params":[0,0,33,0,0,15,0,0],"price":3880,"wtypeId":5},
{"id":189,"animationId":6,"description":"Bow: ATK +40, MDF +19, ACC +5%. ","etypeId":1,"traits":[{"code":31,"dataId":5,"value":0},{"code":22,"dataId":0,"value":0.05}],"iconIndex":102,"name":"Tooth Bow","note":"\n\n","params":[0,0,40,0,0,19,0,0],"price":5575,"wtypeId":5},
{"id":190,"animationId":6,"description":"Bow: ATK +46, MDF +22, ACC +6%. ","etypeId":1,"traits":[{"code":31,"dataId":5,"value":0},{"code":22,"dataId":0,"value":0.06}],"iconIndex":102,"name":"Fang Bow","note":"\n\n","params":[0,0,46,0,0,22,0,0],"price":7400,"wtypeId":5},
{"id":191,"animationId":6,"description":"Bow: ATK +53, MDF +25, ACC +7%. ","etypeId":1,"traits":[{"code":31,"dataId":5,"value":0},{"code":22,"dataId":0,"value":0.07}],"iconIndex":102,"name":"Horn Bow","note":"\n\n","params":[0,0,53,0,0,25,0,0],"price":9540,"wtypeId":5},
{"id":192,"animationId":6,"description":"Bow: ATK +60, MDF +28, ACC +8%. ","etypeId":1,"traits":[{"code":31,"dataId":5,"value":0},{"code":22,"dataId":0,"value":0.08}],"iconIndex":102,"name":"Tusk Bow","note":"\n\n","params":[0,0,60,0,0,28,0,0],"price":11920,"wtypeId":5},
{"id":193,"animationId":6,"description":"Bow: ATK +66, MDF +32, ACC +9%. ","etypeId":1,"traits":[{"code":31,"dataId":5,"value":0},{"code":22,"dataId":0,"value":0.09}],"iconIndex":102,"name":"Tove Bow","note":"\n\n","params":[0,0,66,0,0,32,0,0],"price":14450,"wtypeId":5},
{"id":194,"animationId":6,"description":"Bow: ATK +73, MDF +35, ACC +10%. ","etypeId":1,"traits":[{"code":31,"dataId":5,"value":0},{"code":22,"dataId":0,"value":0.1}],"iconIndex":102,"name":"HarpyBeak Bow","note":"\n\n","params":[0,0,73,0,0,35,0,0],"price":17300,"wtypeId":5},
{"id":195,"animationId":6,"description":"Bow: ATK +80, MDF +38, ACC +11%. ","etypeId":1,"traits":[{"code":31,"dataId":5,"value":0},{"code":22,"dataId":0,"value":0.11}],"iconIndex":102,"name":"DrakeNail Bow","note":"\n\n","params":[0,0,80,0,0,38,0,0],"price":20390,"wtypeId":5},
{"id":196,"animationId":6,"description":"Bow: ATK +86, MDF +42, ACC +12%. ","etypeId":1,"traits":[{"code":31,"dataId":5,"value":0},{"code":22,"dataId":0,"value":0.12}],"iconIndex":102,"name":"HydraHook Bow","note":"\n\n","params":[0,0,86,0,0,42,0,0],"price":23600,"wtypeId":5},
{"id":197,"animationId":6,"description":"Bow: ATK +93, MDF +45, ACC +13%. ","etypeId":1,"traits":[{"code":31,"dataId":5,"value":0},{"code":22,"dataId":0,"value":0.13}],"iconIndex":102,"name":"BasiliskTooth Bow","note":"\n\n","params":[0,0,93,0,0,45,0,0],"price":27160,"wtypeId":5},
{"id":198,"animationId":6,"description":"Bow: ATK +100, MDF +48, ACC +14%. ","etypeId":1,"traits":[{"code":31,"dataId":5,"value":0},{"code":22,"dataId":0,"value":0.14}],"iconIndex":102,"name":"SobekFang Bow","note":"\n\n","params":[0,0,100,0,0,48,0,0],"price":30960,"wtypeId":5},
{"id":199,"animationId":6,"description":"Bow: ATK +107, MDF +52, ACC +15%. ","etypeId":1,"traits":[{"code":31,"dataId":5,"value":0},{"code":22,"dataId":0,"value":0.15}],"iconIndex":102,"name":"WyvernHorn Bow","note":"\n\n","params":[0,0,107,0,0,52,0,0],"price":35075,"wtypeId":5},
{"id":200,"animationId":6,"description":"Bow: ATK +113, MDF +55, ACC +16%. ","etypeId":1,"traits":[{"code":31,"dataId":5,"value":0},{"code":22,"dataId":0,"value":0.16}],"iconIndex":102,"name":"GorgonTusk Bow","note":"\n\n","params":[0,0,113,0,0,55,0,0],"price":39120,"wtypeId":5},
{"id":201,"animationId":6,"description":"Bow: ATK +120, MDF +58, ACC +17%. ","etypeId":1,"traits":[{"code":31,"dataId":5,"value":0},{"code":22,"dataId":0,"value":0.17}],"iconIndex":102,"name":"JabberTove Bow","note":"\n\n","params":[0,0,120,0,0,58,0,0],"price":43630,"wtypeId":5},
{"id":202,"animationId":6,"description":"Bow: ATK +127, MDF +61, ACC +18%. ","etypeId":1,"traits":[{"code":31,"dataId":5,"value":0},{"code":22,"dataId":0,"value":0.18}],"iconIndex":102,"name":"PhoenixTalon Bow","note":"\n\n","params":[0,0,127,0,0,61,0,0],"price":48380,"wtypeId":5},
{"id":203,"animationId":6,"description":"Bow: ATK +133, MDF +65, ACC +19%. ","etypeId":1,"traits":[{"code":31,"dataId":5,"value":0},{"code":22,"dataId":0,"value":0.19}],"iconIndex":102,"name":"DragonTongue Bow","note":"\n\n","params":[0,0,133,0,0,65,0,0],"price":53180,"wtypeId":5},
{"id":204,"animationId":6,"description":"Bow: ATK +140, MDF +68, ACC +20%. ","etypeId":1,"traits":[{"code":31,"dataId":5,"value":0},{"code":22,"dataId":0,"value":0.2}],"iconIndex":102,"name":"Aetherbeast Bow","note":"\n\n","params":[0,0,140,0,0,68,0,0],"price":58400,"wtypeId":5},
{"id":205,"animationId":0,"description":"","etypeId":1,"traits":[{"code":31,"dataId":1,"value":0},{"code":22,"dataId":0,"value":0}],"iconIndex":0,"name":"","note":"","params":[0,0,0,0,0,0,0,0],"price":0,"wtypeId":0},
{"id":206,"animationId":0,"description":"","etypeId":1,"traits":[{"code":31,"dataId":1,"value":0},{"code":22,"dataId":0,"value":0}],"iconIndex":0,"name":"<Bow> ATK + MAT + MDF","note":"","params":[0,0,0,0,0,0,0,0],"price":0,"wtypeId":0},
{"id":207,"animationId":6,"description":"Bow: ATK +10, MAT +4, MDF +5, ACC +1%. ","etypeId":1,"traits":[{"code":31,"dataId":5,"value":0},{"code":22,"dataId":0,"value":0.01}],"iconIndex":102,"name":"Wooden Longbow","note":"\n\n","params":[0,0,10,0,4,5,0,0],"price":325,"wtypeId":5},
{"id":208,"animationId":6,"description":"Bow: ATK +15, MAT +5, MDF +8, ACC +2%. ","etypeId":1,"traits":[{"code":31,"dataId":5,"value":0},{"code":22,"dataId":0,"value":0.02}],"iconIndex":102,"name":"Carved Longbow","note":"\n\n","params":[0,0,15,0,5,8,0,0],"price":1255,"wtypeId":5},
{"id":209,"animationId":6,"description":"Bow: ATK +21, MAT +7, MDF +11, ACC +3%. ","etypeId":1,"traits":[{"code":31,"dataId":5,"value":0},{"code":22,"dataId":0,"value":0.03}],"iconIndex":102,"name":"Aspen Longbow","note":"\n\n","params":[0,0,21,0,7,11,0,0],"price":2473,"wtypeId":5},
{"id":210,"animationId":6,"description":"Bow: ATK +26, MAT +8, MDF +14, ACC +4%. ","etypeId":1,"traits":[{"code":31,"dataId":5,"value":0},{"code":22,"dataId":0,"value":0.04}],"iconIndex":102,"name":"Hickory Longbow","note":"\n\n","params":[0,0,26,0,8,14,0,0],"price":3840,"wtypeId":5},
{"id":211,"animationId":6,"description":"Bow: ATK +32, MAT +10, MDF +17, ACC +5%. ","etypeId":1,"traits":[{"code":31,"dataId":5,"value":0},{"code":22,"dataId":0,"value":0.05}],"iconIndex":102,"name":"Oak Longbow","note":"\n\n","params":[0,0,32,0,10,17,0,0],"price":5550,"wtypeId":5},
{"id":212,"animationId":6,"description":"Bow: ATK +37, MAT +11, MDF +20, ACC +6%. ","etypeId":1,"traits":[{"code":31,"dataId":5,"value":0},{"code":22,"dataId":0,"value":0.06}],"iconIndex":102,"name":"Mahogany Longbow","note":"\n\n","params":[0,0,37,0,11,20,0,0],"price":7355,"wtypeId":5},
{"id":213,"animationId":6,"description":"Bow: ATK +43, MAT +13, MDF +23, ACC +7%. ","etypeId":1,"traits":[{"code":31,"dataId":5,"value":0},{"code":22,"dataId":0,"value":0.07}],"iconIndex":102,"name":"Bubinga Longbow","note":"\n\n","params":[0,0,43,0,13,23,0,0],"price":9558,"wtypeId":5},
{"id":214,"animationId":6,"description":"Bow: ATK +48, MAT +14, MDF +26, ACC +8%. ","etypeId":1,"traits":[{"code":31,"dataId":5,"value":0},{"code":22,"dataId":0,"value":0.08}],"iconIndex":102,"name":"Olivewood Longbow","note":"\n\n","params":[0,0,48,0,14,26,0,0],"price":11800,"wtypeId":5},
{"id":215,"animationId":6,"description":"Bow: ATK +54, MAT +16, MDF +29, ACC +9%. ","etypeId":1,"traits":[{"code":31,"dataId":5,"value":0},{"code":22,"dataId":0,"value":0.09}],"iconIndex":102,"name":"Ebony Longbow","note":"\n\n","params":[0,0,54,0,16,29,0,0],"price":14495,"wtypeId":5},
{"id":216,"animationId":6,"description":"Bow: ATK +59, MAT +17, MDF +32, ACC +10%. ","etypeId":1,"traits":[{"code":31,"dataId":5,"value":0},{"code":22,"dataId":0,"value":0.1}],"iconIndex":102,"name":"Rroamal Longbow","note":"\n\n","params":[0,0,59,0,17,32,0,0],"price":17175,"wtypeId":5},
{"id":217,"animationId":6,"description":"Bow: ATK +65, MAT +19, MDF +35, ACC +11%. ","etypeId":1,"traits":[{"code":31,"dataId":5,"value":0},{"code":22,"dataId":0,"value":0.11}],"iconIndex":102,"name":"Hybernia Longbow","note":"\n\n","params":[0,0,65,0,19,35,0,0],"price":20363,"wtypeId":5},
{"id":218,"animationId":6,"description":"Bow: ATK +70, MAT +20, MDF +38, ACC +12%. ","etypeId":1,"traits":[{"code":31,"dataId":5,"value":0},{"code":22,"dataId":0,"value":0.12}],"iconIndex":102,"name":"Biollante Longbow","note":"\n\n","params":[0,0,70,0,20,38,0,0],"price":23480,"wtypeId":5},
{"id":219,"animationId":6,"description":"Bow: ATK +76, MAT +22, MDF +41, ACC +13%. ","etypeId":1,"traits":[{"code":31,"dataId":5,"value":0},{"code":22,"dataId":0,"value":0.13}],"iconIndex":102,"name":"Sapient Longbow","note":"\n\n","params":[0,0,76,0,22,41,0,0],"price":27160,"wtypeId":5},
{"id":220,"animationId":6,"description":"Bow: ATK +81, MAT +23, MDF +44, ACC +14%. ","etypeId":1,"traits":[{"code":31,"dataId":5,"value":0},{"code":22,"dataId":0,"value":0.14}],"iconIndex":102,"name":"Nornroot Longbow","note":"\n\n","params":[0,0,81,0,23,44,0,0],"price":30715,"wtypeId":5},
{"id":221,"animationId":6,"description":"Bow: ATK +87, MAT +25, MDF +47, ACC +15%. ","etypeId":1,"traits":[{"code":31,"dataId":5,"value":0},{"code":22,"dataId":0,"value":0.15}],"iconIndex":102,"name":"Juran Longbow","note":"\n\n","params":[0,0,87,0,25,47,0,0],"price":34888,"wtypeId":5},
{"id":222,"animationId":6,"description":"Bow: ATK +92, MAT +26, MDF +50, ACC +16%. ","etypeId":1,"traits":[{"code":31,"dataId":5,"value":0},{"code":22,"dataId":0,"value":0.16}],"iconIndex":102,"name":"Tellurian Longbow","note":"\n\n","params":[0,0,92,0,26,50,0,0],"price":38880,"wtypeId":5},
{"id":223,"animationId":6,"description":"Bow: ATK +98, MAT +28, MDF +53, ACC +17%. ","etypeId":1,"traits":[{"code":31,"dataId":5,"value":0},{"code":22,"dataId":0,"value":0.17}],"iconIndex":102,"name":"Hellroot Longbow","note":"\n\n","params":[0,0,98,0,28,53,0,0],"price":43545,"wtypeId":5},
{"id":224,"animationId":6,"description":"Bow: ATK +103, MAT +29, MDF +56, ACC +18%. ","etypeId":1,"traits":[{"code":31,"dataId":5,"value":0},{"code":22,"dataId":0,"value":0.18}],"iconIndex":102,"name":"Genesis Longbow","note":"\n\n","params":[0,0,103,0,29,56,0,0],"price":47975,"wtypeId":5},
{"id":225,"animationId":6,"description":"Bow: ATK +109, MAT +31, MDF +59, ACC +19%. ","etypeId":1,"traits":[{"code":31,"dataId":5,"value":0},{"code":22,"dataId":0,"value":0.19}],"iconIndex":102,"name":"Yggdrasil Longbow","note":"\n\n","params":[0,0,109,0,31,59,0,0],"price":53133,"wtypeId":5},
{"id":226,"animationId":6,"description":"Bow: ATK +114, MAT +32, MDF +62, ACC +20%. ","etypeId":1,"traits":[{"code":31,"dataId":5,"value":0},{"code":22,"dataId":0,"value":0.2}],"iconIndex":102,"name":"Aetheroot Longbow","note":"\n\n","params":[0,0,114,0,32,62,0,0],"price":58000,"wtypeId":5},
{"id":227,"animationId":0,"description":"","etypeId":1,"traits":[{"code":31,"dataId":1,"value":0},{"code":22,"dataId":0,"value":0}],"iconIndex":0,"name":"","note":"","params":[0,0,0,0,0,0,0,0],"price":0,"wtypeId":0},
{"id":228,"animationId":0,"description":"","etypeId":1,"traits":[{"code":31,"dataId":1,"value":0},{"code":22,"dataId":0,"value":0}],"iconIndex":0,"name":"<Staff> ATK + MAT + MDF","note":"","params":[0,0,0,0,0,0,0,0],"price":0,"wtypeId":0},
{"id":229,"animationId":1,"description":"Staff: ATK +2, MAT +9, MDF +7, ACC +1%. ","etypeId":1,"traits":[{"code":31,"dataId":6,"value":0},{"code":22,"dataId":0,"value":0.01}],"iconIndex":101,"name":"Crystal Staff","note":"\n\n","params":[0,0,2,0,9,7,0,0],"price":278,"wtypeId":6},
{"id":230,"animationId":1,"description":"Staff: ATK +3, MAT +14, MDF +11, ACC +1%. ","etypeId":1,"traits":[{"code":31,"dataId":6,"value":0},{"code":22,"dataId":0,"value":0.01}],"iconIndex":101,"name":"Quartz Staff","note":"\n\n","params":[0,0,3,0,14,11,0,0],"price":1150,"wtypeId":6},
{"id":231,"animationId":1,"description":"Staff: ATK +5, MAT +18, MDF +15, ACC +2%. ","etypeId":1,"traits":[{"code":31,"dataId":6,"value":0},{"code":22,"dataId":0,"value":0.02}],"iconIndex":101,"name":"Topaz Staff","note":"\n\n","params":[0,0,5,0,18,15,0,0],"price":2225,"wtypeId":6},
{"id":232,"animationId":1,"description":"Staff: ATK +6, MAT +23, MDF +19, ACC +2%. ","etypeId":1,"traits":[{"code":31,"dataId":6,"value":0},{"code":22,"dataId":0,"value":0.02}],"iconIndex":101,"name":"Jade Staff","note":"\n\n","params":[0,0,6,0,23,19,0,0],"price":3490,"wtypeId":6},
{"id":233,"animationId":1,"description":"Staff: ATK +7, MAT +28, MDF +23, ACC +3%. ","etypeId":1,"traits":[{"code":31,"dataId":6,"value":0},{"code":22,"dataId":0,"value":0.03}],"iconIndex":101,"name":"Amethyst Staff","note":"\n\n","params":[0,0,7,0,28,23,0,0],"price":4950,"wtypeId":6},
{"id":234,"animationId":1,"description":"Staff: ATK +8, MAT +33, MDF +27, ACC +3%. ","etypeId":1,"traits":[{"code":31,"dataId":6,"value":0},{"code":22,"dataId":0,"value":0.03}],"iconIndex":101,"name":"Malachite Staff","note":"\n\n","params":[0,0,8,0,33,27,0,0],"price":6605,"wtypeId":6},
{"id":235,"animationId":1,"description":"Staff: ATK +9, MAT +38, MDF +31, ACC +4%. ","etypeId":1,"traits":[{"code":31,"dataId":6,"value":0},{"code":22,"dataId":0,"value":0.04}],"iconIndex":101,"name":"Opal Staff","note":"\n\n","params":[0,0,9,0,38,31,0,0],"price":8455,"wtypeId":6},
{"id":236,"animationId":1,"description":"Staff: ATK +11, MAT +42, MDF +35, ACC +4%. ","etypeId":1,"traits":[{"code":31,"dataId":6,"value":0},{"code":22,"dataId":0,"value":0.04}],"iconIndex":101,"name":"Lapis Staff","note":"\n\n","params":[0,0,11,0,42,35,0,0],"price":10520,"wtypeId":6},
{"id":237,"animationId":1,"description":"Staff: ATK +12, MAT +47, MDF +39, ACC +5%. ","etypeId":1,"traits":[{"code":31,"dataId":6,"value":0},{"code":22,"dataId":0,"value":0.05}],"iconIndex":101,"name":"Onyx Staff","note":"\n\n","params":[0,0,12,0,47,39,0,0],"price":12763,"wtypeId":6},
{"id":238,"animationId":1,"description":"Staff: ATK +13, MAT +52, MDF +43, ACC +5%. ","etypeId":1,"traits":[{"code":31,"dataId":6,"value":0},{"code":22,"dataId":0,"value":0.05}],"iconIndex":101,"name":"Moonstone Staff","note":"\n\n","params":[0,0,13,0,52,43,0,0],"price":15200,"wtypeId":6},
{"id":239,"animationId":1,"description":"Staff: ATK +14, MAT +57, MDF +47, ACC +6%. ","etypeId":1,"traits":[{"code":31,"dataId":6,"value":0},{"code":22,"dataId":0,"value":0.06}],"iconIndex":101,"name":"Peridot Staff","note":"\n\n","params":[0,0,14,0,57,47,0,0],"price":17833,"wtypeId":6},
{"id":240,"animationId":1,"description":"Staff: ATK +15, MAT +62, MDF +51, ACC +6%. ","etypeId":1,"traits":[{"code":31,"dataId":6,"value":0},{"code":22,"dataId":0,"value":0.06}],"iconIndex":101,"name":"Aquamarine Staff","note":"\n\n","params":[0,0,15,0,62,51,0,0],"price":20660,"wtypeId":6},
{"id":241,"animationId":1,"description":"Staff: ATK +17, MAT +66, MDF +55, ACC +7%. ","etypeId":1,"traits":[{"code":31,"dataId":6,"value":0},{"code":22,"dataId":0,"value":0.07}],"iconIndex":101,"name":"Citrine Staff","note":"\n\n","params":[0,0,17,0,66,55,0,0],"price":23715,"wtypeId":6},
{"id":242,"animationId":1,"description":"Staff: ATK +18, MAT +71, MDF +59, ACC +7%. ","etypeId":1,"traits":[{"code":31,"dataId":6,"value":0},{"code":22,"dataId":0,"value":0.07}],"iconIndex":101,"name":"Garnet Staff","note":"\n\n","params":[0,0,18,0,71,59,0,0],"price":26935,"wtypeId":6},
{"id":243,"animationId":1,"description":"Staff: ATK +19, MAT +76, MDF +63, ACC +8%. ","etypeId":1,"traits":[{"code":31,"dataId":6,"value":0},{"code":22,"dataId":0,"value":0.08}],"iconIndex":101,"name":"Tourmaline Staff","note":"\n\n","params":[0,0,19,0,76,63,0,0],"price":30350,"wtypeId":6},
{"id":244,"animationId":1,"description":"Staff: ATK +20, MAT +81, MDF +67, ACC +8%. ","etypeId":1,"traits":[{"code":31,"dataId":6,"value":0},{"code":22,"dataId":0,"value":0.08}],"iconIndex":101,"name":"Emerald Staff","note":"\n\n","params":[0,0,20,0,81,67,0,0],"price":33960,"wtypeId":6},
{"id":245,"animationId":1,"description":"Staff: ATK +21, MAT +86, MDF +71, ACC +9%. ","etypeId":1,"traits":[{"code":31,"dataId":6,"value":0},{"code":22,"dataId":0,"value":0.09}],"iconIndex":101,"name":"Sapphire Staff","note":"\n\n","params":[0,0,21,0,86,71,0,0],"price":37765,"wtypeId":6},
{"id":246,"animationId":1,"description":"Staff: ATK +23, MAT +90, MDF +75, ACC +9%. ","etypeId":1,"traits":[{"code":31,"dataId":6,"value":0},{"code":22,"dataId":0,"value":0.09}],"iconIndex":101,"name":"Ruby Staff","note":"\n\n","params":[0,0,23,0,90,75,0,0],"price":41810,"wtypeId":6},
{"id":247,"animationId":1,"description":"Staff: ATK +24, MAT +95, MDF +79, ACC +10%. ","etypeId":1,"traits":[{"code":31,"dataId":6,"value":0},{"code":22,"dataId":0,"value":0.1}],"iconIndex":101,"name":"Diamond Staff","note":"\n\n","params":[0,0,24,0,95,79,0,0],"price":46008,"wtypeId":6},
{"id":248,"animationId":1,"description":"Staff: ATK +25, MAT +100, MDF +83, ACC +10%. ","etypeId":1,"traits":[{"code":31,"dataId":6,"value":0},{"code":22,"dataId":0,"value":0.1}],"iconIndex":101,"name":"Aetherlite Staff","note":"\n\n","params":[0,0,25,0,100,83,0,0],"price":50400,"wtypeId":6},
{"id":249,"animationId":0,"description":"","etypeId":1,"traits":[{"code":31,"dataId":1,"value":0},{"code":22,"dataId":0,"value":0}],"iconIndex":0,"name":"","note":"","params":[0,0,0,0,0,0,0,0],"price":0,"wtypeId":0},
{"id":250,"animationId":0,"description":"","etypeId":1,"traits":[{"code":31,"dataId":1,"value":0},{"code":22,"dataId":0,"value":0}],"iconIndex":0,"name":"<Staff> ATK + MAT + MaxMP","note":"","params":[0,0,0,0,0,0,0,0],"price":0,"wtypeId":0},
{"id":251,"animationId":1,"description":"Staff: MaxSP +8, ATK +4, MAT +13, ACC +1%. ","etypeId":1,"traits":[{"code":31,"dataId":6,"value":0},{"code":22,"dataId":0,"value":0.01}],"iconIndex":101,"name":"Primotine Rod","note":"\n\n","params":[0,8,4,0,13,0,0,0],"price":403,"wtypeId":6},
{"id":252,"animationId":1,"description":"Staff: MaxSP +15, ATK +6, MAT +19, ACC +1%. ","etypeId":1,"traits":[{"code":31,"dataId":6,"value":0},{"code":22,"dataId":0,"value":0.01}],"iconIndex":101,"name":"Duotine Rod","note":"\n\n","params":[0,15,6,0,19,0,0,0],"price":1555,"wtypeId":6},
{"id":253,"animationId":1,"description":"Staff: MaxSP +23, ATK +8, MAT +26, ACC +2%. ","etypeId":1,"traits":[{"code":31,"dataId":6,"value":0},{"code":22,"dataId":0,"value":0.02}],"iconIndex":101,"name":"Triotine Rod","note":"\n\n","params":[0,23,8,0,26,0,0,0],"price":3125,"wtypeId":6},
{"id":254,"animationId":1,"description":"Staff: MaxSP +30, ATK +10, MAT +32, ACC +2%. ","etypeId":1,"traits":[{"code":31,"dataId":6,"value":0},{"code":22,"dataId":0,"value":0.02}],"iconIndex":101,"name":"Quadratine Rod","note":"\n\n","params":[0,30,10,0,32,0,0,0],"price":5000,"wtypeId":6},
{"id":255,"animationId":1,"description":"Staff: MaxSP +38, ATK +12, MAT +39, ACC +3%. ","etypeId":1,"traits":[{"code":31,"dataId":6,"value":0},{"code":22,"dataId":0,"value":0.03}],"iconIndex":101,"name":"Pentatine Rod","note":"\n\n","params":[0,38,12,0,39,0,0,0],"price":7338,"wtypeId":6},
{"id":256,"animationId":1,"description":"Staff: MaxSP +45, ATK +14, MAT +45, ACC +3%. ","etypeId":1,"traits":[{"code":31,"dataId":6,"value":0},{"code":22,"dataId":0,"value":0.03}],"iconIndex":101,"name":"Hexatine Rod","note":"\n\n","params":[0,45,14,0,45,0,0,0],"price":9935,"wtypeId":6},
{"id":257,"animationId":1,"description":"Staff: MaxSP +53, ATK +16, MAT +52, ACC +4%. ","etypeId":1,"traits":[{"code":31,"dataId":6,"value":0},{"code":22,"dataId":0,"value":0.04}],"iconIndex":101,"name":"Septilatine Rod","note":"\n\n","params":[0,53,16,0,52,0,0,0],"price":13040,"wtypeId":6},
{"id":258,"animationId":1,"description":"Staff: MaxSP +60, ATK +18, MAT +58, ACC +4%. ","etypeId":1,"traits":[{"code":31,"dataId":6,"value":0},{"code":22,"dataId":0,"value":0.04}],"iconIndex":101,"name":"Octiritine Rod","note":"\n\n","params":[0,60,18,0,58,0,0,0],"price":16360,"wtypeId":6},
{"id":259,"animationId":1,"description":"Staff: MaxSP +68, ATK +20, MAT +65, ACC +5%. ","etypeId":1,"traits":[{"code":31,"dataId":6,"value":0},{"code":22,"dataId":0,"value":0.05}],"iconIndex":101,"name":"Novatine Rod","note":"\n\n","params":[0,68,20,0,65,0,0,0],"price":20233,"wtypeId":6},
{"id":260,"animationId":1,"description":"Staff: MaxSP +75, ATK +22, MAT +71, ACC +5%. ","etypeId":1,"traits":[{"code":31,"dataId":6,"value":0},{"code":22,"dataId":0,"value":0.05}],"iconIndex":101,"name":"Obsiditine Rod","note":"\n\n","params":[0,75,22,0,71,0,0,0],"price":24275,"wtypeId":6},
{"id":261,"animationId":1,"description":"Staff: MaxSP +83, ATK +24, MAT +78, ACC +6%. ","etypeId":1,"traits":[{"code":31,"dataId":6,"value":0},{"code":22,"dataId":0,"value":0.06}],"iconIndex":101,"name":"Lunartine Rod","note":"\n\n","params":[0,83,24,0,78,0,0,0],"price":28915,"wtypeId":6},
{"id":262,"animationId":1,"description":"Staff: MaxSP +90, ATK +26, MAT +84, ACC +6%. ","etypeId":1,"traits":[{"code":31,"dataId":6,"value":0},{"code":22,"dataId":0,"value":0.06}],"iconIndex":101,"name":"Mithriltine Rod","note":"\n\n","params":[0,90,26,0,84,0,0,0],"price":33680,"wtypeId":6},
{"id":263,"animationId":1,"description":"Staff: MaxSP +98, ATK +28, MAT +91, ACC +7%. ","etypeId":1,"traits":[{"code":31,"dataId":6,"value":0},{"code":22,"dataId":0,"value":0.07}],"iconIndex":101,"name":"Solartine Rod","note":"\n\n","params":[0,98,28,0,91,0,0,0],"price":39088,"wtypeId":6},
{"id":264,"animationId":1,"description":"Staff: MaxSP +105, ATK +30, MAT +97, ACC +7%. ","etypeId":1,"traits":[{"code":31,"dataId":6,"value":0},{"code":22,"dataId":0,"value":0.07}],"iconIndex":101,"name":"Orichaltine Rod","note":"\n\n","params":[0,105,30,0,97,0,0,0],"price":44575,"wtypeId":6},
{"id":265,"animationId":1,"description":"Staff: MaxSP +113, ATK +32, MAT +104, ACC +8%. ","etypeId":1,"traits":[{"code":31,"dataId":6,"value":0},{"code":22,"dataId":0,"value":0.08}],"iconIndex":101,"name":"Adamantine Rod","note":"\n\n","params":[0,113,32,0,104,0,0,0],"price":50750,"wtypeId":6},
{"id":266,"animationId":1,"description":"Staff: MaxSP +120, ATK +34, MAT +110, ACC +8%. ","etypeId":1,"traits":[{"code":31,"dataId":6,"value":0},{"code":22,"dataId":0,"value":0.08}],"iconIndex":101,"name":"Astraltine Rod","note":"\n\n","params":[0,120,34,0,110,0,0,0],"price":56960,"wtypeId":6},
{"id":267,"animationId":1,"description":"Staff: MaxSP +128, ATK +36, MAT +117, ACC +9%. ","etypeId":1,"traits":[{"code":31,"dataId":6,"value":0},{"code":22,"dataId":0,"value":0.09}],"iconIndex":101,"name":"Nethertine Rod","note":"\n\n","params":[0,128,36,0,117,0,0,0],"price":63903,"wtypeId":6},
{"id":268,"animationId":1,"description":"Staff: MaxSP +135, ATK +38, MAT +123, ACC +9%. ","etypeId":1,"traits":[{"code":31,"dataId":6,"value":0},{"code":22,"dataId":0,"value":0.09}],"iconIndex":101,"name":"Celestine Rod","note":"\n\n","params":[0,135,38,0,123,0,0,0],"price":70835,"wtypeId":6},
{"id":269,"animationId":1,"description":"Staff: MaxSP +143, ATK +40, MAT +130, ACC +10%. ","etypeId":1,"traits":[{"code":31,"dataId":6,"value":0},{"code":22,"dataId":0,"value":0.1}],"iconIndex":101,"name":"Cosmotine Rod","note":"\n\n","params":[0,143,40,0,130,0,0,0],"price":78545,"wtypeId":6},
{"id":270,"animationId":1,"description":"Staff: MaxSP +150, ATK +42, MAT +136, ACC +10%. ","etypeId":1,"traits":[{"code":31,"dataId":6,"value":0},{"code":22,"dataId":0,"value":0.1}],"iconIndex":101,"name":"Aethertine Rod","note":"\n\n","params":[0,150,42,0,136,0,0,0],"price":86200,"wtypeId":6},
{"id":271,"animationId":0,"description":"","etypeId":1,"traits":[{"code":31,"dataId":1,"value":0},{"code":22,"dataId":0,"value":0}],"iconIndex":0,"name":"","note":"","params":[0,0,0,0,0,0,0,0],"price":0,"wtypeId":0},
{"id":272,"animationId":0,"description":"","etypeId":1,"traits":[{"code":31,"dataId":1,"value":0},{"code":22,"dataId":0,"value":0}],"iconIndex":0,"name":"","note":"","params":[0,0,0,0,0,0,0,0],"price":0,"wtypeId":0},
{"id":273,"animationId":7,"description":"","etypeId":1,"traits":[{"code":31,"dataId":1,"value":0},{"code":22,"dataId":0,"value":1},{"code":22,"dataId":2,"value":1},{"code":22,"dataId":5,"value":1}],"iconIndex":0,"name":"voidblade","note":"","params":[500,0,500,0,500,0,500,500],"price":0,"wtypeId":1},
{"id":274,"animationId":0,"description":"","etypeId":1,"traits":[{"code":31,"dataId":1,"value":0},{"code":22,"dataId":0,"value":0}],"iconIndex":0,"name":"","note":"","params":[0,0,0,0,0,0,0,0],"price":0,"wtypeId":0},
{"id":275,"animationId":0,"description":"","etypeId":1,"traits":[{"code":31,"dataId":1,"value":0},{"code":22,"dataId":0,"value":0}],"iconIndex":0,"name":"","note":"","params":[0,0,0,0,0,0,0,0],"price":0,"wtypeId":0},
{"id":276,"animationId":0,"description":"","etypeId":1,"traits":[{"code":31,"dataId":1,"value":0},{"code":22,"dataId":0,"value":0}],"iconIndex":0,"name":"","note":"","params":[0,0,0,0,0,0,0,0],"price":0,"wtypeId":0},
{"id":277,"animationId":0,"description":"","etypeId":1,"traits":[{"code":31,"dataId":1,"value":0},{"code":22,"dataId":0,"value":0}],"iconIndex":0,"name":"","note":"","params":[0,0,0,0,0,0,0,0],"price":0,"wtypeId":0},
{"id":278,"animationId":0,"description":"","etypeId":1,"traits":[{"code":31,"dataId":1,"value":0},{"code":22,"dataId":0,"value":0}],"iconIndex":0,"name":"","note":"","params":[0,0,0,0,0,0,0,0],"price":0,"wtypeId":0},
{"id":279,"animationId":0,"description":"","etypeId":1,"traits":[{"code":31,"dataId":1,"value":0},{"code":22,"dataId":0,"value":0}],"iconIndex":0,"name":"","note":"","params":[0,0,0,0,0,0,0,0],"price":0,"wtypeId":0},
{"id":280,"animationId":0,"description":"","etypeId":1,"traits":[{"code":31,"dataId":1,"value":0},{"code":22,"dataId":0,"value":0}],"iconIndex":0,"name":"","note":"","params":[0,0,0,0,0,0,0,0],"price":0,"wtypeId":0},
{"id":281,"animationId":0,"description":"","etypeId":1,"traits":[{"code":31,"dataId":1,"value":0},{"code":22,"dataId":0,"value":0}],"iconIndex":0,"name":"","note":"","params":[0,0,0,0,0,0,0,0],"price":0,"wtypeId":0},
{"id":282,"animationId":0,"description":"","etypeId":1,"traits":[{"code":31,"dataId":1,"value":0},{"code":22,"dataId":0,"value":0}],"iconIndex":0,"name":"","note":"","params":[0,0,0,0,0,0,0,0],"price":0,"wtypeId":0},
{"id":283,"animationId":0,"description":"","etypeId":1,"traits":[{"code":31,"dataId":1,"value":0},{"code":22,"dataId":0,"value":0}],"iconIndex":0,"name":"","note":"","params":[0,0,0,0,0,0,0,0],"price":0,"wtypeId":0},
{"id":284,"animationId":0,"description":"","etypeId":1,"traits":[{"code":31,"dataId":1,"value":0},{"code":22,"dataId":0,"value":0}],"iconIndex":0,"name":"","note":"","params":[0,0,0,0,0,0,0,0],"price":0,"wtypeId":0},
{"id":285,"animationId":0,"description":"","etypeId":1,"traits":[{"code":31,"dataId":1,"value":0},{"code":22,"dataId":0,"value":0}],"iconIndex":0,"name":"","note":"","params":[0,0,0,0,0,0,0,0],"price":0,"wtypeId":0},
{"id":286,"animationId":0,"description":"","etypeId":1,"traits":[{"code":31,"dataId":1,"value":0},{"code":22,"dataId":0,"value":0}],"iconIndex":0,"name":"","note":"","params":[0,0,0,0,0,0,0,0],"price":0,"wtypeId":0},
{"id":287,"animationId":0,"description":"","etypeId":1,"traits":[{"code":31,"dataId":1,"value":0},{"code":22,"dataId":0,"value":0}],"iconIndex":0,"name":"","note":"","params":[0,0,0,0,0,0,0,0],"price":0,"wtypeId":0},
{"id":288,"animationId":0,"description":"","etypeId":1,"traits":[{"code":31,"dataId":1,"value":0},{"code":22,"dataId":0,"value":0}],"iconIndex":0,"name":"","note":"","params":[0,0,0,0,0,0,0,0],"price":0,"wtypeId":0},
{"id":289,"animationId":0,"description":"","etypeId":1,"traits":[{"code":31,"dataId":1,"value":0},{"code":22,"dataId":0,"value":0}],"iconIndex":0,"name":"","note":"","params":[0,0,0,0,0,0,0,0],"price":0,"wtypeId":0},
{"id":290,"animationId":0,"description":"","etypeId":1,"traits":[{"code":31,"dataId":1,"value":0},{"code":22,"dataId":0,"value":0}],"iconIndex":0,"name":"","note":"","params":[0,0,0,0,0,0,0,0],"price":0,"wtypeId":0},
{"id":291,"animationId":0,"description":"","etypeId":1,"traits":[{"code":31,"dataId":1,"value":0},{"code":22,"dataId":0,"value":0}],"iconIndex":0,"name":"","note":"","params":[0,0,0,0,0,0,0,0],"price":0,"wtypeId":0},
{"id":292,"animationId":0,"description":"","etypeId":1,"traits":[{"code":31,"dataId":1,"value":0},{"code":22,"dataId":0,"value":0}],"iconIndex":0,"name":"","note":"","params":[0,0,0,0,0,0,0,0],"price":0,"wtypeId":0},
{"id":293,"animationId":0,"description":"","etypeId":1,"traits":[{"code":31,"dataId":1,"value":0},{"code":22,"dataId":0,"value":0}],"iconIndex":0,"name":"","note":"","params":[0,0,0,0,0,0,0,0],"price":0,"wtypeId":0},
{"id":294,"animationId":0,"description":"","etypeId":1,"traits":[{"code":31,"dataId":1,"value":0},{"code":22,"dataId":0,"value":0}],"iconIndex":0,"name":"","note":"","params":[0,0,0,0,0,0,0,0],"price":0,"wtypeId":0},
{"id":295,"animationId":0,"description":"","etypeId":1,"traits":[{"code":31,"dataId":1,"value":0},{"code":22,"dataId":0,"value":0}],"iconIndex":0,"name":"","note":"","params":[0,0,0,0,0,0,0,0],"price":0,"wtypeId":0},
{"id":296,"animationId":0,"description":"","etypeId":1,"traits":[{"code":31,"dataId":1,"value":0},{"code":22,"dataId":0,"value":0}],"iconIndex":0,"name":"","note":"","params":[0,0,0,0,0,0,0,0],"price":0,"wtypeId":0},
{"id":297,"animationId":0,"description":"","etypeId":1,"traits":[{"code":31,"dataId":1,"value":0},{"code":22,"dataId":0,"value":0}],"iconIndex":0,"name":"","note":"","params":[0,0,0,0,0,0,0,0],"price":0,"wtypeId":0},
{"id":298,"animationId":0,"description":"","etypeId":1,"traits":[{"code":31,"dataId":1,"value":0},{"code":22,"dataId":0,"value":0}],"iconIndex":0,"name":"","note":"","params":[0,0,0,0,0,0,0,0],"price":0,"wtypeId":0},
{"id":299,"animationId":0,"description":"","etypeId":1,"traits":[{"code":31,"dataId":1,"value":0},{"code":22,"dataId":0,"value":0}],"iconIndex":0,"name":"","note":"","params":[0,0,0,0,0,0,0,0],"price":0,"wtypeId":0},
{"id":300,"animationId":0,"description":"","etypeId":1,"traits":[{"code":31,"dataId":1,"value":0},{"code":22,"dataId":0,"value":0}],"iconIndex":0,"name":"","note":"","params":[0,0,0,0,0,0,0,0],"price":0,"wtypeId":0}
]